CME_ID,IPS_ID,CME_speed,Time_diff_hours
2010-04-03T09:54:00-CME-001,2010-04-05T07:54:00-IPS-001,620.0,46.0
2010-06-20T03:18:00-CME-001,2010-06-23T08:00:00-IPS-001,570.0,76.7
2010-08-01T08:20:00-CME-001,2010-08-03T05:00:00-IPS-001,1300.0,44.666666666666664
2010-08-01T08:20:00-CME-001,2010-08-03T16:56:00-IPS-001,1300.0,56.6
2010-08-01T10:10:00-CME-001,2010-08-03T16:56:00-IPS-001,550.0,54.766666666666666
2010-08-14T10:12:00-CME-001,2010-08-17T17:40:00-IPS-001,950.0,79.46666666666667
2010-08-18T06:00:00-CME-001,2010-08-20T16:00:00-IPS-001,1250.0,58.0
2010-09-08T23:26:00-CME-001,2010-09-11T07:00:00-IPS-001,850.0,55.56666666666667
2010-09-10T23:30:00-CME-001,2010-09-15T12:00:00-IPS-001,410.0,108.5
2010-10-06T07:24:00-CME-001,2010-10-11T06:00:00-IPS-001,360.0,118.6
2010-10-11T00:00:00-CME-001,2010-10-17T01:11:00-IPS-001,350.0,145.18333333333334
2010-10-26T06:36:00-CME-001,2010-10-30T09:00:00-IPS-001,500.0,98.4
2010-10-26T06:36:00-CME-001,2010-10-31T02:09:00-IPS-001,500.0,115.55
2010-12-12T05:00:00-CME-001,2010-12-14T17:00:00-IPS-001,750.0,60.0
2010-12-23T05:24:00-CME-001,2010-12-28T03:00:00-IPS-001,305.0,117.6
2011-01-12T10:00:00-CME-001,2011-01-16T05:40:00-IPS-001,650.0,91.66666666666667
2011-01-13T09:00:00-CME-001,2011-01-17T15:46:00-IPS-001,680.0,102.76666666666667
2011-01-14T03:00:00-CME-001,2011-01-18T12:50:00-IPS-001,650.0,105.83333333333333
2011-01-23T01:00:00-CME-001,2011-01-26T15:09:00-IPS-001,564.0,86.15
2011-01-28T01:25:00-CME-001,2011-02-01T10:25:00-IPS-001,380.0,105.0
2011-02-15T02:25:00-CME-001,2011-02-18T01:00:00-IPS-001,920.0,70.58333333333333
2011-02-24T08:00:00-CME-001,2011-02-26T08:26:00-IPS-001,900.0,48.43333333333333
2011-03-03T06:24:00-CME-001,2011-03-06T03:31:00-IPS-001,400.0,69.11666666666666
2011-03-07T20:12:00-CME-001,2011-03-09T06:47:00-IPS-001,1980.0,34.583333333333336
2011-03-07T14:40:00-CME-001,2011-03-10T07:00:00-IPS-001,710.0,64.33333333333333
2011-03-08T05:00:00-CME-001,2011-03-11T05:23:00-IPS-001,840.0,72.38333333333334
2011-03-08T20:50:00-CME-001,2011-03-12T00:25:00-IPS-001,550.0,75.58333333333333
2011-03-16T20:18:00-CME-001,2011-03-19T11:00:00-IPS-001,690.0,62.7
2011-03-17T13:09:00-CME-001,2011-03-20T15:46:00-IPS-001,900.0,74.61666666666666
2011-03-21T02:54:00-CME-001,2011-03-22T18:00:00-IPS-001,1000.0,39.1
2011-03-26T06:24:00-CME-001,2011-03-28T09:00:00-IPS-001,1005.0,50.6
2011-03-29T20:36:00-CME-001,2011-04-01T00:00:00-IPS-001,1320.0,51.4
2011-03-29T20:36:00-CME-001,2011-04-01T16:00:00-IPS-001,1320.0,67.4
2011-04-04T04:09:00-CME-001,2011-04-05T18:00:00-IPS-001,950.0,37.85
2011-04-07T06:12:00-CME-001,2011-04-11T08:00:00-IPS-001,550.0,97.8
2011-04-11T23:05:00-CME-001,2011-04-15T07:52:00-IPS-001,550.0,80.78333333333333
2011-04-29T20:48:00-CME-001,2011-05-04T19:06:00-IPS-001,270.0,118.3
2011-05-01T14:24:00-CME-001,2011-05-04T19:06:00-IPS-001,580.0,76.7
2011-05-03T15:54:00-CME-001,2011-05-06T22:00:00-IPS-001,620.0,78.1
2011-05-09T21:00:00-CME-001,2011-05-12T05:00:00-IPS-001,1232.0,56.0
2011-05-18T18:54:00-CME-001,2011-05-19T11:50:00-IPS-001,760.0,16.933333333333334
2011-05-24T23:54:00-CME-001,2011-05-28T06:00:00-IPS-001,610.0,78.1
2011-05-29T11:30:00-CME-001,2011-06-01T07:00:00-IPS-001,850.0,67.5
2011-05-29T21:30:00-CME-001,2011-06-01T07:00:00-IPS-001,915.0,57.5
2011-06-04T07:09:00-CME-001,2011-06-04T15:12:00-IPS-001,1050.0,8.05
2011-06-02T07:40:00-CME-001,2011-06-04T20:00:00-IPS-001,950.0,60.333333333333336
2011-06-04T22:09:00-CME-001,2011-06-05T03:31:00-IPS-001,2500.0,5.366666666666666
2011-06-04T07:09:00-CME-001,2011-06-05T19:00:00-IPS-001,1050.0,35.85
2011-06-07T19:10:00-CME-001,2011-06-08T04:25:00-IPS-001,1500.0,9.25
2011-06-14T08:10:00-CME-001,2011-06-17T04:00:00-IPS-001,830.0,67.83333333333333
2011-06-14T08:10:00-CME-001,2011-06-17T07:40:00-IPS-001,830.0,71.5
2011-06-20T18:00:00-CME-001,2011-06-21T18:01:00-IPS-001,560.0,24.016666666666666
2011-08-02T06:40:00-CME-001,2011-08-04T21:00:00-IPS-001,900.0,62.333333333333336
2011-08-03T13:55:00-CME-001,2011-08-05T17:20:00-IPS-001,1320.0,51.416666666666664
2011-08-04T04:10:00-CME-001,2011-08-05T17:20:00-IPS-001,1950.0,37.166666666666664
2011-08-04T04:10:00-CME-001,2011-08-06T12:42:00-IPS-001,1950.0,56.53333333333333
2011-08-09T08:30:00-CME-001,2011-08-13T19:43:00-IPS-001,1175.0,107.21666666666667
2011-08-17T03:24:00-CME-001,2011-08-20T21:51:00-IPS-001,595.0,90.45
2011-09-06T05:54:00-CME-001,2011-09-06T23:33:00-IPS-001,670.0,17.65
2011-09-06T02:09:00-CME-001,2011-09-08T10:00:00-IPS-001,300.0,55.85
2011-09-05T02:00:00-CME-001,2011-09-08T16:10:00-IPS-001,606.0,86.16666666666667
2011-09-06T05:54:00-CME-001,2011-09-08T16:10:00-IPS-001,670.0,58.266666666666666
2011-09-06T22:40:00-CME-001,2011-09-09T11:47:00-IPS-001,650.0,61.11666666666667
2011-09-08T23:09:00-CME-001,2011-09-11T09:00:00-IPS-001,1040.0,57.85
2011-09-14T01:54:00-CME-001,2011-09-17T02:56:00-IPS-001,600.0,73.03333333333333
2011-09-13T12:48:00-CME-001,2011-09-17T10:00:00-IPS-001,680.0,93.2
2011-09-19T10:24:00-CME-001,2011-09-21T06:30:00-IPS-001,620.0,44.1
2011-09-19T06:54:00-CME-001,2011-09-22T03:00:00-IPS-001,720.0,68.1
2011-09-21T22:24:00-CME-001,2011-09-22T10:24:00-IPS-001,1500.0,12.0
2011-09-22T11:24:00-CME-001,2011-09-24T04:00:00-IPS-001,1000.0,40.6
2011-09-21T22:24:00-CME-001,2011-09-24T08:00:00-IPS-001,1500.0,57.6
2011-09-22T14:10:00-CME-001,2011-09-24T09:06:00-IPS-001,1150.0,42.93333333333333
2011-09-24T13:09:00-CME-001,2011-09-26T12:10:00-IPS-001,1507.0,47.016666666666666
2011-09-24T22:00:00-CME-001,2011-09-28T20:30:00-IPS-001,700.0,94.5
2011-09-28T16:24:00-CME-001,2011-10-02T06:53:00-IPS-001,400.0,86.48333333333333
2011-09-29T19:39:00-CME-001,2011-10-03T03:00:00-IPS-001,650.0,79.35
2011-09-30T19:54:00-CME-001,2011-10-03T22:30:00-IPS-001,1500.0,74.6
2011-10-04T13:10:00-CME-001,2011-10-05T02:32:00-IPS-001,1370.0,13.366666666666667
2011-10-02T01:54:00-CME-001,2011-10-05T06:47:00-IPS-001,500.0,76.88333333333334
2011-10-04T13:10:00-CME-001,2011-10-07T11:30:00-IPS-001,1370.0,70.33333333333333
2011-10-14T12:24:00-CME-001,2011-10-15T08:26:00-IPS-001,700.0,20.033333333333335
2011-10-14T09:12:00-CME-001,2011-10-18T02:00:00-IPS-001,460.0,88.8
2011-10-16T16:48:00-CME-001,2011-10-22T22:00:00-IPS-001,537.0,149.2
2011-10-22T11:20:00-CME-001,2011-10-24T17:30:00-IPS-001,990.0,54.166666666666664
2011-10-22T01:36:00-CME-001,2011-10-24T17:48:00-IPS-001,590.0,64.2
2011-10-25T07:12:00-CME-001,2011-10-29T10:00:00-IPS-001,380.0,98.8
2011-10-26T10:24:00-CME-001,2011-10-30T08:49:00-IPS-001,470.0,94.41666666666667
2011-10-27T12:24:00-CME-001,2011-11-01T08:00:00-IPS-001,730.0,115.6
2011-11-03T22:39:00-CME-001,2011-11-04T15:09:00-IPS-001,1100.0,16.5
2011-11-03T22:39:00-CME-001,2011-11-06T05:00:00-IPS-001,1100.0,54.35
2011-11-10T04:39:00-CME-001,2011-11-12T03:30:00-IPS-001,550.0,46.85
2011-11-09T13:39:00-CME-001,2011-11-12T05:30:00-IPS-001,1150.0,63.85
2011-11-12T18:36:00-CME-001,2011-11-14T02:06:00-IPS-001,695.0,31.5
2011-11-15T05:36:00-CME-001,2011-11-19T07:30:00-IPS-001,766.0,97.9
2011-11-17T20:36:00-CME-001,2011-11-20T14:00:00-IPS-001,773.0,65.4
2011-11-22T06:36:00-CME-001,2011-11-23T05:03:00-IPS-001,778.0,22.45
2011-11-22T22:24:00-CME-001,2011-11-26T18:09:00-IPS-001,718.0,91.75
2011-11-26T07:12:00-CME-001,2011-11-28T15:00:00-IPS-001,930.0,55.8
2011-11-26T07:12:00-CME-001,2011-11-28T21:15:00-IPS-001,930.0,62.05
2011-11-28T07:39:00-CME-001,2011-12-02T16:03:00-IPS-001,454.0,104.4
2011-12-03T07:48:00-CME-001,2011-12-06T22:45:00-IPS-001,512.0,86.95
2011-12-03T11:24:00-CME-001,2011-12-06T22:45:00-IPS-001,622.0,83.35
2011-12-15T04:39:00-CME-001,2011-12-16T15:00:00-IPS-001,374.0,34.35
2011-12-14T03:56:00-CME-001,2011-12-17T02:00:00-IPS-001,817.0,70.06666666666666
2011-12-23T04:17:00-CME-001,2011-12-26T23:50:00-IPS-001,572.0,91.55
2011-12-25T19:24:00-CME-001,2011-12-28T09:56:00-IPS-001,650.0,62.53333333333333
2011-12-26T11:54:00-CME-001,2011-12-28T09:56:00-IPS-001,721.0,46.03333333333333
2011-12-29T17:06:00-CME-001,2011-12-30T16:27:00-IPS-001,400.0,23.35
2011-12-29T17:06:00-CME-001,2012-01-01T13:30:00-IPS-001,400.0,68.4
2012-01-01T13:36:00-CME-001,2012-01-02T18:28:00-IPS-001,820.0,28.866666666666667
2012-01-02T02:12:00-CME-001,2012-01-03T04:52:00-IPS-001,683.0,26.666666666666668
2012-01-02T15:24:00-CME-001,2012-01-03T17:56:00-IPS-001,1152.0,26.533333333333335
2012-01-02T02:12:00-CME-001,2012-01-04T17:00:00-IPS-001,683.0,62.8
2012-01-02T15:24:00-CME-001,2012-01-04T17:00:00-IPS-001,1152.0,49.6
2012-01-06T21:25:00-CME-001,2012-01-10T13:30:00-IPS-001,463.0,88.08333333333333
2012-01-08T02:12:00-CME-001,2012-01-11T04:30:00-IPS-001,554.0,74.3
2012-01-12T08:24:00-CME-001,2012-01-16T10:00:00-IPS-001,710.0,97.6
2012-01-16T03:42:00-CME-001,2012-01-21T04:00:00-IPS-001,990.0,120.3
2012-01-18T13:25:00-CME-001,2012-01-22T05:15:00-IPS-001,520.0,87.83333333333333
2012-01-23T04:00:00-CME-001,2012-01-24T14:30:00-IPS-001,2211.0,34.5
2012-01-22T08:54:00-CME-001,2012-01-25T22:10:00-IPS-001,438.0,85.26666666666667
2012-01-22T10:48:00-CME-001,2012-01-25T22:10:00-IPS-001,694.0,83.36666666666666
2012-01-27T06:09:00-CME-001,2012-01-28T19:40:00-IPS-001,400.0,37.516666666666666
2012-01-27T16:39:00-CME-001,2012-01-29T05:40:00-IPS-001,2200.0,37.016666666666666
2012-01-27T16:39:00-CME-001,2012-01-30T15:37:00-IPS-001,2200.0,70.96666666666667
2012-02-03T07:24:00-CME-001,2012-02-06T23:30:00-IPS-001,580.0,88.1
2012-02-10T20:12:00-CME-001,2012-02-13T16:00:00-IPS-001,588.0,67.8
2012-02-10T12:25:00-CME-001,2012-02-14T07:03:00-IPS-001,301.0,90.63333333333334
2012-02-24T03:46:00-CME-001,2012-02-26T20:57:00-IPS-001,815.0,65.18333333333334
2012-02-29T09:24:00-CME-001,2012-03-03T10:00:00-IPS-001,558.0,72.6
2012-03-03T20:24:00-CME-001,2012-03-04T10:34:00-IPS-001,700.0,14.166666666666666
2012-03-05T04:00:00-CME-001,2012-03-05T12:28:00-IPS-001,1363.0,8.466666666666667
2012-03-04T11:24:00-CME-001,2012-03-06T06:40:00-IPS-001,1540.0,43.266666666666666
2012-03-06T04:01:00-CME-001,2012-03-07T04:37:00-IPS-001,605.0,24.6
2012-03-07T00:36:00-CME-001,2012-03-08T11:03:00-IPS-001,2809.0,34.45
2012-03-07T01:25:00-CME-001,2012-03-08T11:03:00-IPS-001,1800.0,33.63333333333333
2012-03-05T04:00:00-CME-001,2012-03-08T13:36:00-IPS-001,1363.0,81.6
2012-03-07T00:36:00-CME-001,2012-03-10T21:17:00-IPS-001,2809.0,92.68333333333334
2012-03-10T18:09:00-CME-001,2012-03-11T05:34:00-IPS-001,1400.0,11.416666666666666
2012-03-10T18:09:00-CME-001,2012-03-12T08:42:00-IPS-001,1400.0,38.55
2012-03-13T17:52:00-CME-001,2012-03-15T12:35:00-IPS-001,2250.0,42.71666666666667
2012-03-13T17:52:00-CME-001,2012-03-15T22:31:00-IPS-001,2250.0,52.65
2012-03-18T00:39:00-CME-001,2012-03-19T19:17:00-IPS-001,1450.0,42.63333333333333
2012-03-24T00:39:00-CME-001,2012-03-26T16:30:00-IPS-001,1600.0,63.85
2012-03-24T10:39:00-CME-001,2012-03-26T16:30:00-IPS-001,560.0,53.85
2012-03-26T23:12:00-CME-001,2012-03-28T21:37:00-IPS-001,1450.0,46.416666666666664
2012-03-26T23:12:00-CME-001,2012-03-29T23:25:00-IPS-001,1450.0,72.21666666666667
2012-03-30T14:46:00-CME-001,2012-04-04T22:00:00-IPS-001,708.0,127.23333333333333
2012-04-08T02:30:00-CME-001,2012-04-09T05:13:00-IPS-001,760.0,26.716666666666665
2012-04-15T02:06:00-CME-001,2012-04-17T03:36:00-IPS-001,1000.0,49.5
2012-04-14T19:00:00-CME-001,2012-04-19T10:07:00-IPS-001,470.0,111.11666666666666
2012-04-19T15:39:00-CME-001,2012-04-23T02:27:00-IPS-001,650.0,82.8
2012-05-07T03:09:00-CME-001,2012-05-08T08:39:00-IPS-001,700.0,29.5
2012-05-11T23:54:00-CME-001,2012-05-16T16:00:00-IPS-001,1040.0,112.1
2012-05-12T01:54:00-CME-001,2012-05-16T16:00:00-IPS-001,550.0,110.1
2012-05-17T01:48:00-CME-001,2012-05-18T12:00:00-IPS-001,1500.0,34.2
2012-05-17T01:48:00-CME-001,2012-05-18T12:09:00-IPS-001,1500.0,34.35
2012-05-26T22:54:00-CME-001,2012-05-27T08:43:00-IPS-001,1100.0,9.816666666666666
2012-06-13T14:00:00-CME-001,2012-06-16T08:55:00-IPS-001,643.0,66.91666666666667
2012-06-14T14:09:00-CME-001,2012-06-16T08:55:00-IPS-001,1364.0,42.766666666666666
2012-06-19T14:39:00-CME-001,2012-06-20T18:16:00-IPS-001,400.0,27.616666666666667
2012-06-23T07:24:00-CME-001,2012-06-25T20:55:00-IPS-001,588.0,61.516666666666666
2012-07-02T11:36:00-CME-001,2012-07-04T19:00:00-IPS-001,460.0,55.4
2012-07-04T17:24:00-CME-001,2012-07-08T08:00:00-IPS-001,535.0,86.6
2012-07-05T13:39:00-CME-001,2012-07-08T08:00:00-IPS-001,640.0,66.35
2012-07-12T16:54:00-CME-001,2012-07-13T10:52:00-IPS-001,1300.0,17.966666666666665
2012-07-12T16:54:00-CME-001,2012-07-14T17:26:00-IPS-001,1300.0,48.53333333333333
2012-07-11T19:09:00-CME-001,2012-07-16T00:45:00-IPS-001,440.0,101.6
2012-07-19T05:36:00-CME-001,2012-07-20T22:43:00-IPS-001,1550.0,41.11666666666667
2012-08-04T13:48:00-CME-001,2012-08-07T21:18:00-IPS-001,745.0,79.5
2012-08-08T05:39:00-CME-001,2012-08-09T11:33:00-IPS-001,580.0,29.9
2012-08-10T12:10:00-CME-001,2012-08-13T14:23:00-IPS-001,700.0,74.21666666666667
2012-08-31T20:36:00-CME-001,2012-09-03T07:11:00-IPS-001,1498.0,58.583333333333336
2012-08-31T20:36:00-CME-001,2012-09-03T11:23:00-IPS-001,1498.0,62.78333333333333
2012-09-08T10:42:00-CME-001,2012-09-09T10:26:00-IPS-001,840.0,23.733333333333334
2012-09-19T11:39:00-CME-001,2012-09-19T09:53:00-IPS-001,1000.0,-1.7666666666666666
2012-09-19T12:54:00-CME-001,2012-09-20T18:29:00-IPS-001,500.0,29.583333333333332
2012-09-20T15:24:00-CME-001,2012-09-23T08:44:00-IPS-001,2319.0,65.33333333333333
2012-09-27T10:24:00-CME-001,2012-09-29T18:45:00-IPS-001,1592.0,56.35
2012-09-28T02:25:00-CME-001,2012-09-30T22:12:00-IPS-001,1252.0,67.78333333333333
2012-10-05T03:24:00-CME-001,2012-10-08T04:30:00-IPS-001,650.0,73.1
2012-10-21T21:48:00-CME-001,2012-10-23T09:54:00-IPS-001,380.0,36.1
2012-10-26T10:00:00-CME-001,2012-10-27T16:42:00-IPS-001,700.0,30.7
2012-10-27T16:25:00-CME-001,2012-10-31T15:00:00-IPS-001,377.0,94.58333333333333
2012-10-27T17:40:00-CME-001,2012-10-31T15:00:00-IPS-001,420.0,93.33333333333333
2012-11-07T03:36:00-CME-001,2012-11-10T22:30:00-IPS-001,366.0,90.9
2012-11-08T16:48:00-CME-001,2012-11-11T21:19:00-IPS-001,530.0,76.51666666666667
2012-11-08T20:24:00-CME-001,2012-11-11T21:19:00-IPS-001,752.0,72.91666666666667
2012-11-09T15:24:00-CME-001,2012-11-12T22:15:00-IPS-001,570.0,78.85
2012-11-20T12:09:00-CME-001,2012-11-21T06:07:00-IPS-001,725.0,17.966666666666665
2012-11-20T12:09:00-CME-001,2012-11-23T18:27:00-IPS-001,725.0,78.3
2012-11-20T12:09:00-CME-001,2012-11-23T21:10:00-IPS-001,725.0,81.01666666666667
2012-11-23T13:54:00-CME-001,2012-11-26T12:00:00-IPS-001,610.0,70.1
2012-12-20T15:09:00-CME-001,2012-12-25T00:37:00-IPS-001,550.0,105.46666666666667
2013-01-06T05:48:00-CME-001,2013-01-09T02:25:00-IPS-001,520.0,68.61666666666666
2013-01-13T07:24:00-CME-001,2013-01-17T16:00:00-IPS-001,447.0,104.6
2013-02-26T10:09:00-CME-001,2013-02-28T21:14:00-IPS-001,900.0,59.083333333333336
2013-03-05T04:24:00-CME-001,2013-03-07T12:23:00-IPS-001,1900.0,55.983333333333334
2013-03-15T06:54:00-CME-001,2013-03-17T05:59:00-IPS-001,1485.0,47.083333333333336
2013-04-05T07:54:00-CME-001,2013-04-09T23:40:00-IPS-001,520.0,111.76666666666667
2013-04-11T07:36:00-CME-001,2013-04-13T22:12:00-IPS-001,675.0,62.6
2013-04-20T06:54:00-CME-001,2013-04-21T06:42:00-IPS-001,800.0,23.8
2013-04-21T07:54:00-CME-001,2013-04-22T05:50:00-IPS-001,880.0,21.933333333333334
2013-04-20T06:54:00-CME-001,2013-04-22T10:08:00-IPS-001,800.0,51.233333333333334
2013-04-21T07:54:00-CME-001,2013-04-22T10:08:00-IPS-001,880.0,26.233333333333334
2013-04-25T01:30:00-CME-001,2013-04-27T04:19:00-IPS-001,815.0,50.81666666666667
2013-04-25T09:24:00-CME-001,2013-04-27T23:32:00-IPS-001,880.0,62.13333333333333
2013-04-30T00:24:00-CME-001,2013-05-01T05:45:00-IPS-001,435.0,29.35
2013-05-01T03:12:00-CME-001,2013-05-04T04:52:00-IPS-001,860.0,73.66666666666667
2013-05-03T22:36:00-CME-001,2013-05-07T04:37:00-IPS-001,520.0,78.01666666666667
2013-05-09T19:29:00-CME-001,2013-05-12T23:30:00-IPS-001,555.0,76.01666666666667
2013-05-15T02:18:00-CME-001,2013-05-18T00:23:00-IPS-001,1100.0,70.08333333333333
2013-05-18T03:24:00-CME-001,2013-05-19T18:53:00-IPS-001,304.0,39.483333333333334
2013-05-17T09:24:00-CME-001,2013-05-19T22:20:00-IPS-001,1400.0,60.93333333333333
2013-05-22T13:24:00-CME-001,2013-05-24T17:35:00-IPS-001,1756.0,52.18333333333333
2013-05-22T09:12:00-CME-001,2013-05-25T20:00:00-IPS-001,650.0,82.8
2013-05-26T19:24:00-CME-001,2013-05-29T12:00:00-IPS-001,879.0,64.6
2013-06-16T14:00:00-CME-001,2013-06-19T15:08:00-IPS-001,800.0,73.13333333333334
2013-06-16T20:48:00-CME-001,2013-06-20T11:13:00-IPS-001,765.0,86.41666666666667
2013-06-21T03:24:00-CME-001,2013-06-21T17:37:00-IPS-001,1970.0,14.216666666666667
2013-06-24T03:54:00-CME-001,2013-06-27T16:17:00-IPS-001,732.0,84.38333333333334
2013-07-01T21:09:00-CME-001,2013-07-05T01:00:00-IPS-001,915.0,75.85
2013-07-01T21:09:00-CME-001,2013-07-05T07:04:00-IPS-001,915.0,81.91666666666667
2013-07-09T15:09:00-CME-001,2013-07-11T01:05:00-IPS-001,600.0,33.93333333333333
2013-07-09T15:09:00-CME-001,2013-07-12T17:14:00-IPS-001,600.0,74.08333333333333
2013-07-22T19:24:00-CME-001,2013-07-25T06:12:00-IPS-001,700.0,58.8
2013-08-06T03:24:00-CME-001,2013-08-10T09:16:00-IPS-001,750.0,101.86666666666666
2013-08-19T23:12:00-CME-001,2013-08-20T12:41:00-IPS-001,1200.0,13.483333333333333
2013-08-19T23:12:00-CME-001,2013-08-22T02:10:00-IPS-001,1200.0,50.96666666666667
2013-08-19T23:12:00-CME-001,2013-08-22T07:05:00-IPS-001,1200.0,55.88333333333333
2013-08-20T08:24:00-CME-001,2013-08-22T19:26:00-IPS-001,917.0,59.03333333333333
2013-08-21T05:09:00-CME-001,2013-08-24T00:03:00-IPS-001,610.0,66.9
2013-09-04T13:09:00-CME-001,2013-09-05T13:39:00-IPS-001,850.0,24.5
2013-09-06T20:48:00-CME-001,2013-09-09T14:32:00-IPS-001,750.0,65.73333333333333
2013-09-11T09:24:00-CME-001,2013-09-12T23:36:00-IPS-001,597.0,38.2
2013-09-29T22:40:00-CME-001,2013-10-02T01:54:00-IPS-001,1291.0,51.233333333333334
2013-10-04T10:54:00-CME-001,2013-10-08T04:54:00-IPS-001,335.0,90.0
2013-10-04T19:18:00-CME-001,2013-10-08T04:54:00-IPS-001,330.0,81.6
2013-10-05T07:09:00-CME-001,2013-10-08T04:54:00-IPS-001,1000.0,69.75
2013-10-06T14:39:00-CME-001,2013-10-08T20:20:00-IPS-001,790.0,53.68333333333333
2013-10-17T04:39:00-CME-001,2013-10-21T18:23:00-IPS-001,855.0,109.73333333333333
2013-10-25T15:12:00-CME-001,2013-10-26T11:07:00-IPS-001,980.0,19.916666666666668
2013-10-26T11:40:00-CME-001,2013-10-27T12:35:00-IPS-001,950.0,24.916666666666668
2013-10-28T15:48:00-CME-001,2013-10-29T07:15:00-IPS-001,900.0,15.45
2013-11-02T04:48:00-CME-001,2013-11-04T08:56:00-IPS-001,1078.0,52.13333333333333
2013-11-07T10:39:00-CME-001,2013-11-08T13:30:00-IPS-001,2100.0,26.85
2013-11-07T00:00:00-CME-001,2013-11-11T10:31:00-IPS-001,950.0,106.51666666666667
2013-11-07T10:39:00-CME-001,2013-11-11T10:31:00-IPS-001,2100.0,95.86666666666666
2013-11-08T04:24:00-CME-001,2013-11-11T10:31:00-IPS-001,938.0,78.11666666666666
2013-11-07T16:25:00-CME-001,2013-11-11T17:00:00-IPS-001,530.0,96.58333333333333
2013-11-08T06:09:00-CME-001,2013-11-11T17:00:00-IPS-001,444.0,82.85
2013-11-08T08:24:00-CME-001,2013-11-11T17:00:00-IPS-001,508.0,80.6
2013-11-19T10:39:00-CME-001,2013-11-23T01:00:00-IPS-001,910.0,86.35
2013-11-29T19:39:00-CME-001,2013-11-30T14:25:00-IPS-001,559.0,18.766666666666666
2013-11-27T15:13:00-CME-001,2013-12-01T13:00:00-IPS-001,950.0,93.78333333333333
2013-11-28T09:09:00-CME-001,2013-12-01T13:00:00-IPS-001,412.0,75.85
2013-12-04T23:12:00-CME-001,2013-12-08T00:00:00-IPS-001,700.0,72.8
2013-12-12T03:54:00-CME-001,2013-12-15T13:00:00-IPS-001,1060.0,81.1
2013-12-13T21:36:00-CME-001,2013-12-17T13:29:00-IPS-001,756.0,87.88333333333334
2013-12-19T06:25:00-CME-001,2013-12-22T00:00:00-IPS-001,634.0,65.58333333333333
2013-12-26T03:40:00-CME-001,2013-12-27T04:14:00-IPS-001,1600.0,24.566666666666666
2013-12-26T03:40:00-CME-001,2013-12-28T16:00:00-IPS-001,1600.0,60.333333333333336
2013-12-28T18:00:00-CME-001,2013-12-31T13:31:00-IPS-001,769.0,67.51666666666667
2013-12-28T07:00:00-CME-001,2013-12-31T21:47:00-IPS-001,725.0,86.78333333333333
2013-12-29T01:36:00-CME-001,2014-01-01T10:10:00-IPS-001,531.0,80.56666666666666
2014-01-04T21:25:00-CME-001,2014-01-07T14:26:00-IPS-001,750.0,65.01666666666667
2014-01-06T08:09:00-CME-001,2014-01-08T17:00:00-IPS-001,1138.0,56.85
2014-01-07T03:48:00-CME-001,2014-01-09T13:17:00-IPS-001,620.0,57.483333333333334
2014-01-07T18:24:00-CME-001,2014-01-09T19:32:00-IPS-001,2061.0,49.13333333333333
2014-01-09T02:36:00-CME-001,2014-01-13T17:17:00-IPS-001,487.0,110.68333333333334
2014-01-14T10:24:00-CME-001,2014-01-16T20:00:00-IPS-001,752.0,57.6
2014-01-17T20:00:00-CME-001,2014-01-18T19:43:00-IPS-001,600.0,23.716666666666665
2014-01-22T21:24:00-CME-001,2014-01-24T03:25:00-IPS-001,419.0,30.016666666666666
2014-01-20T22:12:00-CME-001,2014-01-24T07:00:00-IPS-001,740.0,80.8
2014-01-21T21:39:00-CME-001,2014-01-24T07:00:00-IPS-001,1800.0,57.35
2014-01-27T02:24:00-CME-001,2014-01-27T18:37:00-IPS-001,700.0,16.216666666666665
2014-01-29T01:24:00-CME-001,2014-02-01T06:30:00-IPS-001,800.0,77.1
2014-01-30T16:24:00-CME-001,2014-02-02T23:18:00-IPS-001,998.0,78.9
2014-02-02T09:36:00-CME-001,2014-02-05T03:30:00-IPS-001,745.0,65.9
2014-02-01T06:54:00-CME-001,2014-02-05T16:00:00-IPS-001,381.0,105.1
2014-02-01T11:24:00-CME-001,2014-02-05T16:00:00-IPS-001,474.0,100.6
2014-02-02T18:12:00-CME-001,2014-02-06T11:34:00-IPS-001,521.0,89.36666666666666
2014-02-04T01:25:00-CME-001,2014-02-07T16:16:00-IPS-001,660.0,86.85
2014-02-07T18:24:00-CME-001,2014-02-10T16:00:00-IPS-001,530.0,69.6
2014-02-12T13:09:00-CME-001,2014-02-13T04:50:00-IPS-001,620.0,15.683333333333334
2014-02-11T05:24:00-CME-001,2014-02-15T12:35:00-IPS-001,488.0,103.18333333333334
2014-02-11T09:48:00-CME-001,2014-02-15T12:35:00-IPS-001,490.0,98.78333333333333
2014-02-12T05:48:00-CME-001,2014-02-15T12:35:00-IPS-001,755.0,78.78333333333333
2014-02-14T08:48:00-CME-001,2014-02-16T07:50:00-IPS-001,1080.0,47.03333333333333
2014-02-16T13:09:00-CME-002,2014-02-17T04:16:00-IPS-001,650.0,15.116666666666667
2014-02-16T14:15:00-CME-001,2014-02-18T05:00:00-IPS-001,520.0,38.75
2014-02-16T14:15:00-CME-001,2014-02-19T03:10:00-IPS-001,520.0,60.916666666666664
2014-02-18T01:25:00-CME-001,2014-02-20T02:50:00-IPS-001,851.0,49.416666666666664
2014-02-19T00:00:00-CME-001,2014-02-21T07:17:00-IPS-001,500.0,55.28333333333333
2014-02-19T05:00:00-CME-001,2014-02-21T07:17:00-IPS-001,810.0,50.28333333333333
2014-02-19T16:00:00-CME-001,2014-02-23T06:00:00-IPS-001,800.0,86.0
2014-02-20T03:12:00-CME-001,2014-02-23T06:00:00-IPS-001,643.0,74.8
2014-02-25T01:25:00-CME-001,2014-02-27T16:10:00-IPS-001,1847.0,62.75
2014-02-24T23:36:00-CME-001,2014-02-27T21:00:00-IPS-001,1050.0,69.4
2014-02-25T01:25:00-CME-001,2014-02-28T04:20:00-IPS-001,1847.0,74.91666666666667
2014-03-09T03:12:00-CME-001,2014-03-11T09:30:00-IPS-001,580.0,54.3
2014-03-12T14:39:00-CME-001,2014-03-14T23:00:00-IPS-001,1150.0,56.35
2014-03-23T04:09:00-CME-001,2014-03-25T19:25:00-IPS-001,700.0,63.266666666666666
2014-03-23T06:54:00-CME-001,2014-03-25T19:25:00-IPS-001,568.0,60.516666666666666
2014-03-28T16:56:00-CME-001,2014-03-31T04:30:00-IPS-001,776.0,59.56666666666667
2014-04-02T13:55:00-CME-001,2014-04-05T09:40:00-IPS-001,1604.0,67.75
2014-04-06T09:48:00-CME-001,2014-04-09T13:00:00-IPS-001,654.0,75.2
2014-04-07T21:28:00-CME-001,2014-04-11T19:00:00-IPS-001,510.0,93.53333333333333
2014-04-08T11:12:00-CME-001,2014-04-11T19:00:00-IPS-001,525.0,79.8
2014-04-09T00:00:00-CME-001,2014-04-12T02:30:00-IPS-001,690.0,74.5
2014-04-18T13:09:00-CME-001,2014-04-20T10:22:00-IPS-001,1244.0,45.21666666666667
2014-05-05T00:12:00-CME-002,2014-05-06T04:21:00-IPS-001,422.0,28.15
2014-05-03T06:24:00-CME-001,2014-05-07T21:35:00-IPS-001,576.0,111.18333333333334
2014-05-05T00:12:00-CME-002,2014-05-08T01:37:00-IPS-001,422.0,73.41666666666667
2014-05-08T03:24:00-CME-001,2014-05-10T13:30:00-IPS-001,800.0,58.1
2014-05-09T02:54:00-CME-001,2014-05-11T12:30:00-IPS-001,1176.0,57.6
2014-05-10T04:36:00-CME-001,2014-05-12T08:30:00-IPS-001,1100.0,51.9
2014-05-25T02:36:00-CME-001,2014-05-27T18:40:00-IPS-001,492.0,64.06666666666666
2014-06-02T07:36:00-CME-001,2014-06-05T11:00:00-IPS-001,260.0,75.4
2014-06-04T13:25:00-CME-001,2014-06-07T16:09:00-IPS-001,572.0,74.73333333333333
2014-06-06T12:54:00-CME-001,2014-06-09T01:00:00-IPS-001,830.0,60.1
2014-06-05T15:12:00-CME-001,2014-06-09T09:30:00-IPS-001,794.0,90.3
2014-06-14T19:24:00-CME-001,2014-06-18T17:00:00-IPS-001,548.0,93.6
2014-06-19T19:24:00-CME-001,2014-06-23T22:00:00-IPS-001,530.0,98.6
2014-06-24T06:12:00-CME-001,2014-06-27T18:00:00-IPS-001,635.0,83.8
2014-06-25T12:54:00-CME-001,2014-06-29T18:00:00-IPS-001,462.0,101.1
2014-06-26T01:25:00-CME-001,2014-06-29T18:00:00-IPS-001,444.0,88.58333333333333
2014-06-27T06:12:00-CME-001,2014-06-30T03:00:00-IPS-001,813.0,68.8
2014-06-29T12:39:00-CME-001,2014-07-01T12:51:00-IPS-001,750.0,48.2
2014-06-30T07:12:00-CME-001,2014-07-02T23:28:00-IPS-001,675.0,64.26666666666667
2014-07-02T14:24:00-CME-001,2014-07-06T09:41:00-IPS-001,440.0,91.28333333333333
2014-07-10T07:24:00-CME-001,2014-07-12T07:30:00-IPS-001,1015.0,48.1
2014-07-11T11:24:00-CME-001,2014-07-14T13:29:00-IPS-001,600.0,74.08333333333333
2014-07-26T15:54:00-CME-001,2014-07-27T16:01:00-IPS-001,450.0,24.116666666666667
2014-07-24T09:24:00-CME-001,2014-07-27T16:30:00-IPS-001,560.0,79.1
2014-07-26T00:54:00-CME-001,2014-07-30T12:00:00-IPS-001,360.0,107.1
2014-08-04T16:12:00-CME-001,2014-08-09T02:00:00-IPS-001,222.0,105.8
2014-08-06T00:00:00-CME-001,2014-08-09T12:00:00-IPS-001,428.0,84.0
2014-08-08T17:24:00-CME-001,2014-08-09T19:39:00-IPS-001,780.0,26.25
2014-08-07T09:12:00-CME-001,2014-08-10T03:00:00-IPS-001,389.0,65.8
2014-08-07T09:12:00-CME-001,2014-08-11T06:20:00-IPS-001,389.0,93.13333333333334
2014-08-08T17:24:00-CME-001,2014-08-11T08:20:00-IPS-001,780.0,62.93333333333333
2014-08-15T21:12:00-CME-001,2014-08-19T05:57:00-IPS-001,676.0,80.75
2014-08-22T11:24:00-CME-001,2014-08-27T00:00:00-IPS-001,444.0,108.6
2014-08-22T17:00:00-CME-001,2014-08-27T00:00:00-IPS-001,457.0,103.0
2014-08-28T17:54:00-CME-001,2014-08-31T07:00:00-IPS-001,1000.0,61.1
2014-08-28T17:54:00-CME-001,2014-08-31T17:30:00-IPS-001,1000.0,71.6
2014-09-01T16:00:00-CME-001,2014-09-02T08:00:00-IPS-001,900.0,16.0
2014-09-01T11:24:00-CME-001,2014-09-02T13:41:00-IPS-001,1700.0,26.283333333333335
2014-09-01T11:24:00-CME-001,2014-09-03T07:45:00-IPS-001,1700.0,44.35
2014-09-01T16:00:00-CME-001,2014-09-04T06:00:00-IPS-001,900.0,62.0
2014-09-01T22:24:00-CME-001,2014-09-04T06:00:00-IPS-001,1400.0,55.6
2014-09-02T02:36:00-CME-001,2014-09-04T06:00:00-IPS-001,1140.0,51.4
2014-09-02T17:00:00-CME-001,2014-09-06T04:33:00-IPS-001,650.0,83.55
2014-09-09T00:16:00-CME-001,2014-09-11T22:56:00-IPS-001,780.0,70.66666666666667
2014-09-10T18:18:00-CME-001,2014-09-12T15:26:00-IPS-001,1400.0,45.13333333333333
2014-09-17T17:49:00-CME-001,2014-09-21T08:00:00-IPS-001,500.0,86.18333333333334
2014-09-22T06:24:00-CME-001,2014-09-24T16:00:00-IPS-001,630.0,57.6
2014-09-22T09:12:00-CME-001,2014-09-24T16:00:00-IPS-001,795.0,54.8
2014-09-22T06:24:00-CME-001,2014-09-25T14:00:00-IPS-001,630.0,79.6
2014-09-22T09:12:00-CME-001,2014-09-25T17:30:00-IPS-001,795.0,80.3
2014-09-24T21:54:00-CME-001,2014-09-26T16:00:00-IPS-001,1400.0,42.1
2014-10-14T19:00:00-CME-001,2014-10-16T20:10:00-IPS-001,820.0,49.166666666666664
2014-11-01T05:12:00-CME-001,2014-11-03T22:27:00-IPS-001,1800.0,65.25
2014-11-07T18:08:00-CME-001,2014-11-10T01:37:00-IPS-001,802.0,55.483333333333334
2014-11-09T10:36:00-CME-001,2014-11-14T00:00:00-IPS-001,750.0,109.4
2014-11-25T01:25:00-CME-001,2014-11-27T19:00:00-IPS-001,640.0,65.58333333333333
2014-12-13T14:24:00-CME-001,2014-12-15T05:00:00-IPS-001,2400.0,38.6
2014-12-17T05:00:00-CME-001,2014-12-21T04:13:00-IPS-001,680.0,95.21666666666667
2014-12-19T00:27:00-CME-001,2014-12-21T18:22:00-IPS-001,1405.0,65.91666666666667
2014-12-20T01:25:00-CME-001,2014-12-22T14:28:00-IPS-001,964.0,61.05
2014-12-21T13:30:00-CME-001,2014-12-23T10:33:00-IPS-001,210.0,45.05
2015-01-02T14:36:00-CME-001,2015-01-07T05:24:00-IPS-001,353.0,110.8
2015-01-12T15:36:00-CME-001,2015-01-15T22:39:00-IPS-001,880.0,79.05
2015-01-12T16:57:00-CME-001,2015-01-15T22:39:00-IPS-001,350.0,77.7
2015-02-24T10:12:00-CME-001,2015-02-26T20:12:00-IPS-001,830.0,58.0
2015-02-28T21:48:00-CME-001,2015-03-03T02:00:00-IPS-001,1200.0,52.2
2015-02-28T04:24:00-CME-001,2015-03-03T18:17:00-IPS-001,455.0,85.88333333333334
2015-03-03T15:48:00-CME-001,2015-03-06T20:02:00-IPS-001,725.0,76.23333333333333
2015-03-15T02:00:00-CME-001,2015-03-17T04:05:00-IPS-001,1000.0,50.083333333333336
2015-03-29T18:36:00-CME-001,2015-04-03T08:36:00-IPS-001,500.0,110.0
2015-04-04T23:36:00-CME-001,2015-04-09T01:10:00-IPS-001,1090.0,97.56666666666666
2015-04-06T20:36:00-CME-001,2015-04-09T09:12:00-IPS-001,917.0,60.6
2015-04-19T11:00:00-CME-001,2015-04-23T12:33:00-IPS-001,850.0,97.55
2015-05-01T18:12:00-CME-001,2015-05-05T17:40:00-IPS-001,975.0,95.46666666666667
2015-05-02T21:36:00-CME-001,2015-05-06T00:50:00-IPS-001,296.0,75.23333333333333
2015-05-04T03:12:00-CME-001,2015-05-08T13:54:00-IPS-001,407.0,106.7
2015-05-06T17:00:00-CME-001,2015-05-10T00:02:00-IPS-001,576.0,79.03333333333333
2015-05-13T18:48:00-CME-001,2015-05-17T04:00:00-IPS-001,354.0,81.2
2015-06-09T20:00:00-CME-001,2015-06-12T12:19:00-IPS-001,853.0,64.31666666666666
2015-06-18T17:24:00-CME-001,2015-06-21T15:40:00-IPS-001,1000.0,70.26666666666667
2015-06-19T06:42:00-CME-001,2015-06-22T04:51:00-IPS-001,603.0,70.15
2015-06-21T02:48:00-CME-001,2015-06-22T17:59:00-IPS-001,1250.0,39.18333333333333
2015-06-22T18:36:00-CME-001,2015-06-24T12:57:00-IPS-001,1155.0,42.35
2015-06-25T08:36:00-CME-001,2015-06-27T03:30:00-IPS-001,1450.0,42.9
2015-08-12T15:12:00-CME-001,2015-08-15T07:43:00-IPS-001,567.0,64.51666666666667
2015-08-13T00:30:00-CME-001,2015-08-15T07:43:00-IPS-001,403.0,55.21666666666667
2015-09-18T05:00:00-CME-001,2015-09-20T05:33:00-IPS-001,744.0,48.55
2015-10-22T03:12:00-CME-001,2015-10-24T18:26:00-IPS-001,861.0,63.233333333333334
2015-11-04T14:24:00-CME-001,2015-11-06T17:34:00-IPS-001,780.0,51.166666666666664
2015-11-09T13:36:00-CME-001,2015-11-12T12:00:00-IPS-001,647.0,70.4
2015-11-16T03:12:00-CME-001,2015-11-18T19:24:00-IPS-001,827.0,64.2
2015-11-29T07:36:00-CME-001,2015-12-02T12:30:00-IPS-001,770.0,76.9
2015-12-08T19:12:00-CME-001,2015-12-14T12:30:00-IPS-001,308.0,137.3
2015-12-16T09:36:00-CME-001,2015-12-19T15:27:00-IPS-001,650.0,77.85
2015-12-16T14:48:00-CME-001,2015-12-19T15:27:00-IPS-001,580.0,72.65
2015-12-28T12:39:00-CME-001,2015-12-31T00:02:00-IPS-001,850.0,59.38333333333333
2016-01-06T14:24:00-CME-001,2016-01-09T18:00:00-IPS-001,940.0,75.6
2016-01-15T00:00:00-CME-001,2016-01-18T21:00:00-IPS-001,483.0,93.0
2016-02-05T21:12:00-CME-001,2016-02-11T15:54:00-IPS-001,364.0,138.7
2016-02-11T21:28:00-CME-001,2016-02-15T05:15:00-IPS-001,,79.78333333333333
2016-03-23T05:00:00-CME-001,2016-03-26T23:40:00-IPS-001,503.0,90.66666666666667
2016-03-31T01:25:00-CME-001,2016-04-02T14:04:00-IPS-001,470.0,60.65
2016-04-06T16:24:00-CME-001,2016-04-10T09:00:00-IPS-001,464.0,88.6
2016-04-10T07:12:00-CME-001,2016-04-14T06:50:00-IPS-001,352.0,95.63333333333334
2016-04-10T11:00:00-CME-001,2016-04-14T06:50:00-IPS-001,521.0,91.83333333333333
2016-04-12T02:24:00-CME-001,2016-04-15T01:30:00-IPS-001,380.0,71.1
2016-04-24T23:36:00-CME-001,2016-04-27T09:00:00-IPS-001,276.0,57.4
2016-04-25T05:12:00-CME-001,2016-04-27T09:00:00-IPS-001,695.0,51.8
2016-04-30T08:24:00-CME-001,2016-05-04T06:00:00-IPS-001,589.0,93.6
2016-05-02T09:12:00-CME-001,2016-05-06T15:48:00-IPS-001,386.0,102.6
2016-06-16T07:48:00-CME-001,2016-06-20T13:00:00-IPS-001,484.0,101.2
2016-07-17T12:48:00-CME-001,2016-07-19T23:05:00-IPS-001,584.0,58.28333333333333
2016-07-28T22:24:00-CME-001,2016-08-02T04:18:00-IPS-001,350.0,101.9
2016-09-14T23:36:00-CME-001,2016-09-17T14:00:00-IPS-001,722.0,62.4
2016-10-01T03:09:00-CME-001,2016-10-04T11:30:00-IPS-001,535.0,80.35
2016-10-08T21:09:00-CME-001,2016-10-12T21:21:00-IPS-001,243.0,96.2
2016-10-11T03:36:00-CME-001,2016-10-15T00:00:00-IPS-001,320.0,92.4
2016-10-25T19:12:00-CME-001,2016-10-29T03:00:00-IPS-001,560.0,79.8
2016-11-05T04:48:00-CME-001,2016-11-09T05:28:00-IPS-001,487.0,96.66666666666667
2016-11-19T07:54:00-CME-001,2016-11-22T08:00:00-IPS-001,491.0,72.1
2016-11-19T09:48:00-CME-001,2016-11-22T08:00:00-IPS-001,585.0,70.2
2017-01-14T05:36:00-CME-001,2017-01-18T09:00:00-IPS-001,628.0,99.4
2017-04-01T22:12:00-CME-001,2017-04-04T04:07:00-IPS-001,609.0,53.916666666666664
2017-05-13T22:00:00-CME-001,2017-05-17T21:38:00-IPS-001,340.0,95.63333333333334
2017-05-23T05:00:00-CME-001,2017-05-27T14:47:00-IPS-001,375.0,105.78333333333333
2017-06-07T21:36:00-CME-001,2017-06-11T13:22:00-IPS-001,268.0,87.76666666666667
2017-06-28T16:24:00-CME-001,2017-07-01T16:26:00-IPS-001,400.0,72.03333333333333
2017-07-14T01:36:00-CME-001,2017-07-16T05:14:00-IPS-001,750.0,51.63333333333333
2017-07-23T01:36:00-CME-001,2017-07-24T14:00:00-IPS-001,944.0,36.4
2017-07-23T04:39:00-CME-001,2017-07-24T14:00:00-IPS-001,2271.0,33.35
2017-07-28T05:36:00-CME-001,2017-07-30T16:15:00-IPS-001,574.0,58.65
2017-08-18T13:48:00-CME-001,2017-08-23T04:30:00-IPS-001,496.0,110.7
2017-09-04T19:39:00-CME-001,2017-09-06T23:08:00-IPS-001,710.0,51.483333333333334
2017-09-04T20:36:00-CME-001,2017-09-06T23:08:00-IPS-001,1114.0,50.53333333333333
2017-09-06T12:24:00-CME-001,2017-09-07T22:30:00-IPS-001,1636.0,34.1
2017-09-10T16:09:00-CME-001,2017-09-12T19:26:00-IPS-001,2314.0,51.28333333333333
2017-09-17T12:09:00-CME-001,2017-09-19T02:30:00-IPS-001,1404.0,38.35
2017-10-18T07:48:00-CME-001,2017-10-21T03:00:00-IPS-001,1468.0,67.2
2017-11-10T06:23:00-CME-001,2017-11-14T00:51:00-IPS-001,370.0,90.46666666666667
2018-02-12T01:25:00-CME-001,2018-02-15T07:38:00-IPS-001,554.0,78.21666666666667
2018-03-05T23:39:00-CME-001,2018-03-09T23:30:00-IPS-001,386.0,95.85
2018-05-03T17:24:00-CME-001,2018-05-07T10:00:00-IPS-001,635.0,88.6
2018-05-31T14:12:00-CME-001,2018-06-04T10:00:00-IPS-001,361.0,91.8
2018-07-05T04:39:00-CME-001,2018-07-10T11:25:00-IPS-001,260.0,126.76666666666667
2018-08-20T21:24:00-CME-001,2018-08-25T06:00:00-IPS-001,309.0,104.6
2018-12-12T05:30:00-CME-001,2018-12-16T12:00:00-IPS-001,150.0,102.5
2019-01-06T20:24:00-CME-001,2019-01-11T15:00:00-IPS-001,295.0,114.6
2019-01-29T07:48:00-CME-001,2019-02-03T14:00:00-IPS-001,299.0,126.2
2019-03-08T04:17:00-CME-001,2019-03-12T02:00:00-IPS-001,340.0,93.71666666666667
2019-03-20T08:24:00-CME-001,2019-03-24T20:43:00-IPS-001,541.0,108.31666666666666
2019-04-03T04:09:00-CME-001,2019-04-05T11:00:00-IPS-001,506.0,54.85
2019-05-03T18:36:00-CME-001,2019-05-06T22:20:00-IPS-001,863.0,75.73333333333333
2019-05-03T23:36:00-CME-001,2019-05-06T22:20:00-IPS-001,776.0,70.73333333333333
2019-05-08T04:00:00-CME-001,2019-05-10T07:00:00-IPS-001,790.0,51.0
2019-05-07T04:42:00-CME-001,2019-05-10T16:55:00-IPS-001,422.0,84.21666666666667
2019-05-10T19:09:00-CME-001,2019-05-13T22:06:00-IPS-001,471.0,74.95
2019-05-11T02:39:00-CME-001,2019-05-13T22:06:00-IPS-001,362.0,67.45
2019-05-13T16:09:00-CME-001,2019-05-16T16:10:00-IPS-001,594.0,72.01666666666667
2019-05-12T19:54:00-CME-001,2019-05-16T20:30:00-IPS-001,528.0,96.6
2019-05-22T03:00:00-CME-001,2019-05-26T21:25:00-IPS-001,301.0,114.41666666666667
2019-10-25T05:54:00-CME-001,2019-10-29T15:02:00-IPS-001,262.0,105.13333333333334
2020-04-14T21:54:00-CME-001,2020-04-20T01:20:00-IPS-001,232.0,123.43333333333334
2020-07-05T14:24:00-CME-001,2020-07-10T04:30:00-IPS-001,385.0,110.1
2020-07-09T01:24:00-CME-001,2020-07-13T20:35:00-IPS-001,125.0,115.18333333333334
2020-07-19T09:36:00-CME-001,2020-07-24T00:18:00-IPS-001,278.0,110.7
2020-07-29T17:36:00-CME-001,2020-08-03T05:00:00-IPS-001,277.0,107.4
2020-07-31T17:24:00-CME-001,2020-08-05T13:30:00-IPS-001,296.0,116.1
2020-08-15T23:12:00-CME-001,2020-08-19T21:14:00-IPS-001,452.0,94.03333333333333
2020-08-27T11:00:00-CME-001,2020-09-01T10:15:00-IPS-001,188.0,119.25
2020-09-30T12:09:00-CME-001,2020-10-05T16:42:00-IPS-001,221.0,124.55
2020-10-15T11:24:00-CME-001,2020-10-17T14:42:00-IPS-001,347.0,51.3
2020-10-23T22:35:00-CME-001,2020-10-28T06:47:00-IPS-001,436.0,104.2
2020-10-27T03:39:00-CME-001,2020-11-01T08:41:00-IPS-001,190.0,125.03333333333333
2020-11-21T19:36:00-CME-001,2020-11-26T02:00:00-IPS-001,325.0,102.4
2020-11-29T13:24:00-CME-001,2020-12-01T07:25:00-IPS-001,1336.0,42.016666666666666
2020-11-29T13:24:00-CME-001,2020-12-01T21:00:00-IPS-001,1336.0,55.6
2020-12-07T16:24:00-CME-001,2020-12-10T01:29:00-IPS-001,1383.0,57.083333333333336
2021-01-01T22:00:00-CME-001,2021-01-05T12:20:00-IPS-001,372.0,86.33333333333333
2021-01-02T11:24:00-CME-001,2021-01-05T12:20:00-IPS-001,626.0,72.93333333333334
2021-02-20T11:36:00-CME-001,2021-02-23T10:32:00-IPS-001,680.0,70.93333333333334
2021-03-20T00:48:00-CME-001,2021-03-24T10:03:00-IPS-001,422.0,105.25
2021-03-20T00:48:00-CME-001,2021-03-24T19:18:00-IPS-001,422.0,114.5
2021-03-21T23:24:00-CME-001,2021-03-26T21:35:00-IPS-001,281.0,118.18333333333334
2021-04-10T06:53:00-CME-001,2021-04-15T03:28:00-IPS-001,239.0,116.58333333333333
2021-04-22T05:23:00-CME-001,2021-04-24T22:24:00-IPS-001,803.0,65.01666666666667
2021-04-25T13:25:00-CME-001,2021-04-28T02:58:00-IPS-001,652.0,61.55
2021-04-26T19:39:00-CME-001,2021-05-01T12:50:00-IPS-001,232.0,113.18333333333334
2021-05-07T19:53:00-CME-001,2021-05-10T21:30:00-IPS-001,815.0,73.61666666666666
2021-05-09T11:23:00-CME-001,2021-05-12T05:48:00-IPS-001,717.0,66.41666666666667
2021-05-09T15:23:00-CME-001,2021-05-12T16:40:00-IPS-001,580.0,73.28333333333333
2021-05-22T09:12:00-CME-001,2021-05-25T19:35:00-IPS-001,500.0,82.38333333333334
2021-05-22T16:09:00-CME-001,2021-05-25T19:35:00-IPS-001,611.0,75.43333333333334
2021-05-22T22:09:00-CME-001,2021-05-25T19:35:00-IPS-001,670.0,69.43333333333334
2021-05-22T09:12:00-CME-001,2021-05-26T11:37:00-IPS-001,500.0,98.41666666666667
2021-05-22T16:09:00-CME-001,2021-05-26T11:37:00-IPS-001,611.0,91.46666666666667
2021-05-22T22:09:00-CME-001,2021-05-26T11:37:00-IPS-001,670.0,85.46666666666667
2021-05-23T09:53:00-CME-001,2021-05-26T11:37:00-IPS-001,699.0,73.73333333333333
2021-05-23T11:38:00-CME-001,2021-05-26T11:37:00-IPS-001,806.0,71.98333333333333
2021-05-23T17:38:00-CME-001,2021-05-26T11:37:00-IPS-001,703.0,65.98333333333333
2021-05-28T23:12:00-CME-001,2021-06-02T12:20:00-IPS-001,1067.0,109.13333333333334
2021-06-15T04:24:00-CME-001,2021-06-19T20:55:00-IPS-001,279.0,112.51666666666667
2021-06-15T04:24:00-CME-001,2021-06-20T11:21:00-IPS-001,279.0,126.95
2021-06-23T07:24:00-CME-001,2021-06-27T04:00:00-IPS-001,479.0,92.6
2021-06-26T23:23:00-CME-001,2021-07-01T02:30:00-IPS-001,378.0,99.11666666666666
2021-07-10T13:36:00-CME-001,2021-07-14T10:00:00-IPS-001,375.0,92.4
2021-07-20T16:48:00-CME-001,2021-07-24T01:48:00-IPS-001,971.0,81.0
2021-07-20T16:48:00-CME-001,2021-07-25T06:22:00-IPS-001,971.0,109.56666666666666
2021-07-22T14:00:00-CME-001,2021-07-25T18:50:00-IPS-001,364.0,76.83333333333333
2021-07-29T00:24:00-CME-001,2021-08-02T09:03:00-IPS-001,264.0,104.65
2021-08-23T06:36:00-CME-001,2021-08-27T00:25:00-IPS-001,393.0,89.81666666666666
2021-08-24T13:25:00-CME-001,2021-08-27T11:42:00-IPS-001,454.0,70.28333333333333
2021-08-26T03:36:00-CME-001,2021-08-30T11:00:00-IPS-001,266.0,103.4
2021-08-26T18:53:00-CME-001,2021-08-30T16:09:00-IPS-001,599.0,93.26666666666667
2021-08-28T07:00:00-CME-001,2021-09-03T06:19:00-IPS-001,261.0,143.31666666666666
2021-09-05T21:36:00-CME-001,2021-09-10T01:32:00-IPS-001,537.0,99.93333333333334
2021-09-13T10:36:00-CME-001,2021-09-17T01:29:00-IPS-001,394.0,86.88333333333334
2021-09-15T05:00:00-CME-001,2021-09-17T16:40:00-IPS-001,511.0,59.666666666666664
2021-09-23T05:48:00-CME-001,2021-09-26T23:03:00-IPS-001,300.0,89.25
2021-09-23T16:53:00-CME-001,2021-09-26T23:03:00-IPS-001,428.0,78.16666666666667
2021-09-23T05:48:00-CME-001,2021-09-27T08:00:00-IPS-001,300.0,98.2
2021-09-23T16:53:00-CME-001,2021-09-27T08:00:00-IPS-001,428.0,87.11666666666666
2021-09-28T07:00:00-CME-001,2021-09-30T18:00:00-IPS-001,649.0,59.0
2021-10-01T16:12:00-CME-001,2021-10-06T10:26:00-IPS-001,414.0,114.23333333333333
2021-10-09T07:09:00-CME-001,2021-10-12T01:46:00-IPS-001,983.0,66.61666666666666
2021-10-09T07:09:00-CME-001,2021-10-12T12:30:00-IPS-001,983.0,77.35
2021-10-11T00:00:00-CME-001,2021-10-14T04:00:00-IPS-001,408.0,76.0
2021-10-12T03:24:00-CME-001,2021-10-16T00:09:00-IPS-001,512.0,92.75
2021-10-26T20:00:00-CME-001,2021-10-30T12:00:00-IPS-001,302.0,88.0
2021-10-26T20:00:00-CME-001,2021-10-30T16:25:00-IPS-001,302.0,92.41666666666667
2021-10-28T15:53:00-CME-001,2021-10-31T09:13:00-IPS-001,1109.0,65.33333333333333
2021-10-28T15:53:00-CME-001,2021-10-31T10:00:00-IPS-001,1109.0,66.11666666666666
2021-10-31T08:36:00-CME-001,2021-11-03T09:45:00-IPS-001,435.0,73.15
2021-11-01T18:38:00-CME-001,2021-11-03T19:23:00-IPS-001,509.0,48.75
2021-11-01T21:36:00-CME-001,2021-11-03T19:23:00-IPS-001,771.0,45.78333333333333
2021-11-02T02:48:00-CME-001,2021-11-03T19:23:00-IPS-001,1151.0,40.583333333333336
2021-11-02T02:48:00-CME-001,2021-11-04T04:10:00-IPS-001,1151.0,49.36666666666667
2021-11-03T01:36:00-CME-001,2021-11-06T03:22:00-IPS-001,430.0,73.76666666666667
2021-11-24T14:09:00-CME-001,2021-11-27T21:50:00-IPS-001,561.0,79.68333333333334
2021-11-24T14:09:00-CME-001,2021-11-28T17:14:00-IPS-001,561.0,99.08333333333333
2021-11-26T01:25:00-CME-001,2021-11-29T02:45:00-IPS-001,539.0,73.33333333333333
2021-11-29T10:38:00-CME-001,2021-12-04T11:51:00-IPS-001,600.0,121.21666666666667
2021-12-05T14:36:00-CME-001,2021-12-10T13:27:00-IPS-001,248.0,118.85
2021-12-06T05:48:00-CME-001,2021-12-10T13:27:00-IPS-001,204.0,103.65
2021-12-14T17:38:00-CME-001,2021-12-19T18:28:00-IPS-001,305.0,120.83333333333333
2021-12-15T05:00:00-CME-001,2021-12-19T18:28:00-IPS-001,680.0,109.46666666666667
2021-12-24T17:09:00-CME-001,2021-12-27T08:38:00-IPS-001,443.0,63.483333333333334
2022-01-15T16:12:00-CME-001,2022-01-18T23:04:00-IPS-001,416.0,78.86666666666666
2022-01-16T20:48:00-CME-001,2022-01-18T23:04:00-IPS-001,610.0,50.266666666666666
2022-01-18T18:23:00-CME-001,2022-01-21T12:55:00-IPS-001,962.0,66.53333333333333
2022-01-20T22:12:00-CME-001,2022-01-23T11:20:00-IPS-001,343.0,61.13333333333333
2022-01-21T09:53:00-CME-001,2022-01-23T11:20:00-IPS-001,739.0,49.45
2022-01-20T09:09:00-CME-001,2022-01-24T17:09:00-IPS-001,538.0,104.0
2022-01-21T09:53:00-CME-001,2022-01-24T17:09:00-IPS-001,739.0,79.26666666666667
2022-01-29T23:36:00-CME-001,2022-02-01T21:37:00-IPS-001,628.0,70.01666666666667
2022-01-29T23:36:00-CME-001,2022-02-01T22:00:00-IPS-001,628.0,70.4
2022-02-06T14:09:00-CME-001,2022-02-09T20:10:00-IPS-001,555.0,78.01666666666667
2022-02-06T15:38:00-CME-001,2022-02-09T20:10:00-IPS-001,401.0,76.53333333333333
2022-02-18T18:12:00-CME-001,2022-02-22T10:00:00-IPS-001,562.0,87.8
2022-02-19T10:23:00-CME-001,2022-02-22T18:00:00-IPS-001,445.0,79.61666666666666
2022-03-07T00:12:00-CME-001,2022-03-10T18:37:00-IPS-001,479.0,90.41666666666667
2022-03-10T00:12:00-CME-001,2022-03-12T22:23:00-IPS-001,452.0,70.18333333333334
2022-03-10T02:00:00-CME-001,2022-03-12T22:23:00-IPS-001,551.0,68.38333333333334
2022-03-10T19:23:00-CME-001,2022-03-13T06:35:00-IPS-001,677.0,59.2
2022-03-10T19:23:00-CME-001,2022-03-13T10:11:00-IPS-001,677.0,62.8
2022-03-16T13:36:00-CME-001,2022-03-19T20:57:00-IPS-001,511.0,79.35
2022-03-16T13:36:00-CME-001,2022-03-20T20:39:00-IPS-001,511.0,103.05
2022-03-25T06:12:00-CME-001,2022-03-27T18:45:00-IPS-001,644.0,60.55
2022-03-28T12:09:00-CME-001,2022-03-31T01:41:00-IPS-001,662.0,61.53333333333333
2022-03-28T20:23:00-CME-001,2022-03-31T01:41:00-IPS-001,760.0,53.3
2022-03-30T18:23:00-CME-001,2022-04-02T00:33:00-IPS-001,808.0,54.166666666666664
2022-04-03T16:38:00-CME-001,2022-04-06T22:45:00-IPS-001,702.0,78.11666666666666
2022-04-04T11:36:00-CME-001,2022-04-08T01:15:00-IPS-001,526.0,85.65
2022-04-04T11:36:00-CME-001,2022-04-08T03:39:00-IPS-001,526.0,88.05
2022-04-04T22:12:00-CME-001,2022-04-08T22:00:00-IPS-001,449.0,95.8
2022-04-07T05:36:00-CME-001,2022-04-09T12:46:00-IPS-001,457.0,55.166666666666664
2022-04-09T09:12:00-CME-001,2022-04-13T01:54:00-IPS-001,422.0,88.7
2022-04-11T06:00:00-CME-001,2022-04-14T03:37:00-IPS-001,553.0,69.61666666666666
2022-04-17T03:48:00-CME-001,2022-04-19T14:00:00-IPS-001,841.0,58.2
2022-04-27T14:53:00-CME-001,2022-04-29T23:27:00-IPS-001,970.0,56.56666666666667
2022-05-03T18:12:00-CME-001,2022-05-08T04:34:00-IPS-001,226.0,106.36666666666666
2022-05-03T18:12:00-CME-001,2022-05-08T06:24:00-IPS-001,226.0,108.2
2022-05-06T21:24:00-CME-001,2022-05-11T05:00:00-IPS-001,300.0,103.6
2022-05-06T21:24:00-CME-001,2022-05-11T12:03:00-IPS-001,300.0,110.65
2022-05-08T22:24:00-CME-001,2022-05-11T15:00:00-IPS-001,617.0,64.6
2022-05-10T14:48:00-CME-001,2022-05-13T21:30:00-IPS-001,440.0,78.7
2022-06-02T06:09:00-CME-001,2022-06-06T09:20:00-IPS-001,549.0,99.18333333333334
2022-06-04T03:48:00-CME-001,2022-06-06T16:30:00-IPS-001,396.0,60.7
2022-06-13T03:12:00-CME-001,2022-06-14T17:44:00-IPS-001,1244.0,38.53333333333333
2022-06-13T03:12:00-CME-001,2022-06-15T04:01:00-IPS-001,1244.0,48.81666666666667
2022-06-19T21:53:00-CME-001,2022-06-23T05:46:00-IPS-001,809.0,79.88333333333334
2022-06-21T00:48:00-CME-001,2022-06-23T18:57:00-IPS-001,484.0,66.15
2022-06-26T18:23:00-CME-001,2022-06-30T10:12:00-IPS-001,278.0,87.81666666666666
2022-06-26T18:23:00-CME-001,2022-07-01T09:05:00-IPS-001,278.0,110.7
2022-06-29T02:09:00-CME-001,2022-07-02T02:30:00-IPS-001,294.0,72.35
2022-06-29T02:09:00-CME-001,2022-07-03T07:01:00-IPS-001,294.0,100.86666666666666
2022-07-03T03:09:00-CME-001,2022-07-07T08:08:00-IPS-001,247.0,100.98333333333333
2022-07-08T20:48:00-CME-001,2022-07-10T16:30:00-IPS-001,1110.0,43.7
2022-07-08T20:48:00-CME-001,2022-07-11T09:22:00-IPS-001,1110.0,60.56666666666667
2022-07-15T15:23:00-CME-001,2022-07-18T20:40:00-IPS-001,539.0,77.28333333333333
2022-07-21T01:36:00-CME-001,2022-07-23T01:52:00-IPS-001,950.0,48.266666666666666
2022-07-21T01:48:00-CME-001,2022-07-23T01:52:00-IPS-001,1355.0,48.06666666666667
2022-07-21T01:36:00-CME-001,2022-07-23T02:28:00-IPS-001,950.0,48.86666666666667
2022-07-21T01:48:00-CME-001,2022-07-23T02:28:00-IPS-001,1355.0,48.666666666666664
2022-08-10T15:48:00-CME-001,2022-08-15T13:00:00-IPS-001,576.0,117.2
2022-08-13T18:48:00-CME-001,2022-08-17T02:14:00-IPS-001,679.0,79.43333333333334
2022-08-14T12:48:00-CME-001,2022-08-17T02:14:00-IPS-001,817.0,61.43333333333333
2022-08-16T02:24:00-CME-001,2022-08-19T17:02:00-IPS-001,584.0,86.63333333333334
2022-08-16T15:24:00-CME-001,2022-08-19T17:02:00-IPS-001,637.0,73.63333333333334
2022-08-18T11:00:00-CME-001,2022-08-20T01:00:00-IPS-001,1076.0,38.0
2022-08-18T11:00:00-CME-001,2022-08-20T17:24:00-IPS-001,1076.0,54.4
2022-08-27T02:23:00-CME-001,2022-08-29T02:57:00-IPS-001,1372.0,48.56666666666667
2022-09-02T19:32:00-CME-001,2022-09-04T12:19:00-IPS-001,763.0,40.78333333333333
2022-09-09T07:24:00-CME-001,2022-09-14T06:23:00-IPS-001,264.0,118.98333333333333
2022-09-28T04:48:00-CME-001,2022-10-01T15:05:00-IPS-001,1085.0,82.28333333333333
2022-09-28T05:24:00-CME-001,2022-10-01T15:05:00-IPS-001,481.0,81.68333333333334
2022-10-01T13:09:00-CME-001,2022-10-04T07:05:00-IPS-001,671.0,65.93333333333334
2022-10-03T00:36:00-CME-001,2022-10-05T06:20:00-IPS-001,468.0,53.733333333333334
2022-10-09T23:48:00-CME-001,2022-10-13T06:00:00-IPS-001,354.0,78.2
2022-10-09T23:48:00-CME-001,2022-10-14T08:12:00-IPS-001,354.0,104.4
2022-10-11T09:23:00-CME-001,2022-10-14T08:12:00-IPS-001,268.0,70.81666666666666
2022-10-11T11:36:00-CME-001,2022-10-14T08:12:00-IPS-001,365.0,68.6
2022-11-03T08:48:00-CME-001,2022-11-07T07:40:00-IPS-001,380.0,94.86666666666666
2022-11-04T07:48:00-CME-001,2022-11-07T07:40:00-IPS-001,394.0,71.86666666666666
2022-11-07T00:48:00-CME-001,2022-11-10T09:12:00-IPS-001,321.0,80.4
2022-11-13T11:36:00-CME-001,2022-11-17T02:58:00-IPS-001,307.0,87.36666666666666
2022-11-14T03:24:00-CME-001,2022-11-18T15:54:00-IPS-001,488.0,108.5
2022-11-19T09:48:00-CME-001,2022-11-22T06:22:00-IPS-001,627.0,68.56666666666666
2022-11-19T09:48:00-CME-001,2022-11-22T14:44:00-IPS-001,627.0,76.93333333333334
2022-12-01T07:48:00-CME-001,2022-12-04T12:09:00-IPS-001,1306.0,76.35
2022-12-24T02:48:00-CME-001,2022-12-26T00:33:00-IPS-001,1055.0,45.75
2022-12-24T02:48:00-CME-001,2022-12-26T08:00:00-IPS-001,1055.0,53.2
2022-12-30T16:53:00-CME-001,2023-01-03T16:26:00-IPS-001,452.0,95.55
2022-12-30T16:53:00-CME-001,2023-01-04T17:00:00-IPS-001,452.0,120.11666666666666
2023-01-08T05:00:00-CME-001,2023-01-12T07:00:00-IPS-001,330.0,98.0
2023-01-15T03:48:00-CME-001,2023-01-17T14:32:00-IPS-001,1024.0,58.733333333333334
2023-01-15T05:00:00-CME-001,2023-01-17T14:32:00-IPS-001,628.0,57.53333333333333
2023-01-20T13:38:00-CME-001,2023-01-23T02:59:00-IPS-001,806.0,61.35
2023-01-20T16:12:00-CME-001,2023-01-23T02:59:00-IPS-001,684.0,58.78333333333333
2023-02-08T17:06:00-CME-001,2023-02-12T09:50:00-IPS-001,443.0,88.73333333333333
2023-02-11T11:12:00-CME-001,2023-02-13T15:28:00-IPS-001,1888.0,52.266666666666666
2023-02-11T11:12:00-CME-001,2023-02-13T17:02:00-IPS-001,1888.0,53.833333333333336
2023-02-17T20:23:00-CME-001,2023-02-20T08:58:00-IPS-001,1487.0,60.583333333333336
2023-02-17T20:23:00-CME-001,2023-02-20T09:52:00-IPS-001,1487.0,61.483333333333334
2023-02-21T02:48:00-CME-001,2023-02-24T12:08:00-IPS-001,463.0,81.33333333333333
2023-02-22T14:36:00-CME-001,2023-02-25T10:00:00-IPS-001,524.0,67.4
2023-02-24T20:36:00-CME-001,2023-02-26T14:30:00-IPS-001,1276.0,41.9
2023-02-24T20:36:00-CME-001,2023-02-26T18:43:00-IPS-001,1276.0,46.11666666666667
2023-02-25T19:38:00-CME-001,2023-02-27T00:00:00-IPS-001,920.0,28.366666666666667
2023-02-25T19:38:00-CME-001,2023-02-27T10:15:00-IPS-001,920.0,38.61666666666667
2023-02-27T20:00:00-CME-001,2023-03-02T17:43:00-IPS-001,542.0,69.71666666666667
2023-03-10T17:24:00-CME-001,2023-03-14T03:58:00-IPS-001,515.0,82.56666666666666
2023-03-12T19:24:00-CME-001,2023-03-15T03:48:00-IPS-001,793.0,56.4
2023-03-13T10:53:00-CME-001,2023-03-15T03:48:00-IPS-001,750.0,40.916666666666664
2023-03-12T19:24:00-CME-001,2023-03-15T08:25:00-IPS-001,793.0,61.016666666666666
2023-03-13T10:53:00-CME-001,2023-03-15T08:25:00-IPS-001,750.0,45.53333333333333
2023-03-17T10:58:00-CME-001,2023-03-20T22:37:00-IPS-001,417.0,83.65
2023-03-20T02:41:00-CME-001,2023-03-23T04:00:00-IPS-001,550.0,73.31666666666666
2023-03-20T14:42:00-CME-001,2023-03-23T04:00:00-IPS-001,749.0,61.3
2023-03-20T02:41:00-CME-001,2023-03-23T09:10:00-IPS-001,550.0,78.48333333333333
2023-03-20T14:42:00-CME-001,2023-03-23T09:10:00-IPS-001,749.0,66.46666666666667
2023-04-14T21:24:00-CME-001,2023-04-18T13:19:00-IPS-001,529.0,87.91666666666667
2023-04-21T18:12:00-CME-001,2023-04-23T14:00:00-IPS-001,1204.0,43.8
2023-04-21T18:12:00-CME-001,2023-04-23T17:00:00-IPS-001,1204.0,46.8
2023-05-04T09:09:00-CME-001,2023-05-07T13:20:00-IPS-001,831.0,76.18333333333334
2023-05-05T08:12:00-CME-001,2023-05-07T13:20:00-IPS-001,955.0,53.13333333333333
2023-05-07T23:12:00-CME-001,2023-05-09T19:00:00-IPS-001,1494.0,43.8
2023-05-07T23:12:00-CME-001,2023-05-09T22:06:00-IPS-001,1494.0,46.9
2023-05-09T19:00:00-CME-001,2023-05-12T01:00:00-IPS-001,1651.0,54.0
2023-05-09T19:00:00-CME-001,2023-05-12T05:48:00-IPS-001,1651.0,58.8
2023-05-19T07:24:00-CME-001,2023-05-21T14:20:00-IPS-001,485.0,54.93333333333333
2023-05-30T17:12:00-CME-001,2023-06-03T21:05:00-IPS-001,311.0,99.88333333333334
2023-06-04T10:24:00-CME-001,2023-06-07T22:25:00-IPS-001,692.0,84.01666666666667
2023-06-07T07:00:00-CME-001,2023-06-10T13:20:00-IPS-001,576.0,78.33333333333333
2023-06-26T12:12:00-CME-001,2023-06-29T08:20:00-IPS-001,690.0,68.13333333333334
2023-06-26T12:12:00-CME-001,2023-06-29T15:00:00-IPS-001,690.0,74.8
2023-06-27T20:36:00-CME-001,2023-06-30T11:20:00-IPS-001,520.0,62.733333333333334
2023-07-01T23:12:00-CME-001,2023-07-05T17:55:00-IPS-001,274.0,90.71666666666667
2023-07-02T03:24:00-CME-001,2023-07-05T17:55:00-IPS-001,269.0,86.51666666666667
2023-07-10T04:00:00-CME-001,2023-07-13T08:30:00-IPS-001,901.0,76.5
2023-07-10T04:00:00-CME-001,2023-07-13T15:49:00-IPS-001,901.0,83.81666666666666
2023-07-10T04:00:00-CME-001,2023-07-14T10:30:00-IPS-001,901.0,102.5
2023-07-11T19:24:00-CME-001,2023-07-14T15:25:00-IPS-001,769.0,68.01666666666667
2023-07-14T19:38:00-CME-001,2023-07-16T12:40:00-IPS-001,438.0,41.03333333333333
2023-07-14T19:10:00-CME-001,2023-07-16T18:35:00-IPS-001,934.0,47.416666666666664
2023-07-17T23:36:00-CME-001,2023-07-20T15:28:00-IPS-001,1388.0,63.86666666666667
2023-07-17T23:36:00-CME-001,2023-07-20T16:07:00-IPS-001,1388.0,64.51666666666667
2023-07-18T20:12:00-CME-001,2023-07-21T14:30:00-IPS-001,1197.0,66.3
2023-07-18T20:12:00-CME-001,2023-07-21T19:25:00-IPS-001,1197.0,71.21666666666667
2023-07-23T15:05:00-CME-001,2023-07-25T19:00:00-IPS-001,1022.0,51.916666666666664
2023-07-23T15:05:00-CME-001,2023-07-25T21:54:00-IPS-001,1022.0,54.81666666666667
2023-07-28T22:36:00-CME-001,2023-08-01T06:00:00-IPS-001,589.0,79.4
2023-07-28T22:36:00-CME-001,2023-08-01T10:08:00-IPS-001,589.0,83.53333333333333
2023-07-31T23:12:00-CME-001,2023-08-04T05:30:00-IPS-001,429.0,78.3
2023-07-31T23:36:00-CME-001,2023-08-04T05:30:00-IPS-001,636.0,77.9
2023-07-31T23:12:00-CME-001,2023-08-04T06:52:00-IPS-001,429.0,79.66666666666667
2023-07-31T23:36:00-CME-001,2023-08-04T06:52:00-IPS-001,636.0,79.26666666666667
2023-08-02T09:12:00-CME-001,2023-08-05T02:10:00-IPS-001,759.0,64.96666666666667
2023-08-02T09:12:00-CME-001,2023-08-05T04:57:00-IPS-001,759.0,67.75
2023-08-04T04:17:00-CME-001,2023-08-07T01:15:00-IPS-001,865.0,68.96666666666667
2023-08-04T04:49:00-CME-001,2023-08-07T01:15:00-IPS-001,543.0,68.43333333333334
2023-08-05T07:12:00-CME-001,2023-08-07T08:46:00-IPS-001,1044.0,49.56666666666667
2023-08-05T07:12:00-CME-001,2023-08-07T11:07:00-IPS-001,1044.0,51.916666666666664
2023-09-01T03:24:00-CME-001,2023-09-03T10:25:00-IPS-001,1142.0,55.016666666666666
2023-09-01T23:12:00-CME-001,2023-09-05T10:50:00-IPS-001,581.0,83.63333333333334
2023-09-01T23:12:00-CME-001,2023-09-05T14:38:00-IPS-001,581.0,87.43333333333334
2023-09-14T07:24:00-CME-001,2023-09-16T22:30:00-IPS-001,915.0,63.1
2023-09-14T07:24:00-CME-001,2023-09-17T01:53:00-IPS-001,915.0,66.48333333333333
2023-09-16T09:12:00-CME-001,2023-09-18T09:04:00-IPS-001,523.0,47.86666666666667
2023-09-16T09:12:00-CME-001,2023-09-18T12:58:00-IPS-001,523.0,51.766666666666666
2023-09-22T02:24:00-CME-001,2023-09-24T18:49:00-IPS-001,1026.0,64.41666666666667
2023-09-22T07:36:00-CME-001,2023-09-24T18:49:00-IPS-001,1508.0,59.21666666666667
2023-09-22T02:24:00-CME-001,2023-09-24T19:52:00-IPS-001,1026.0,65.46666666666667
2023-09-22T07:36:00-CME-001,2023-09-24T19:52:00-IPS-001,1508.0,60.266666666666666
2023-10-02T18:24:00-CME-001,2023-10-05T21:25:00-IPS-001,467.0,75.01666666666667
2023-10-16T12:09:00-CME-001,2023-10-20T07:30:00-IPS-001,720.0,91.35
2023-10-16T12:09:00-CME-001,2023-10-20T07:50:00-IPS-001,720.0,91.68333333333334
2023-10-31T22:12:00-CME-001,2023-11-04T00:00:00-IPS-001,785.0,73.8
2023-10-31T22:12:00-CME-001,2023-11-04T15:45:00-IPS-001,785.0,89.55
2023-11-02T03:36:00-CME-001,2023-11-05T03:38:00-IPS-001,699.0,72.03333333333333
2023-11-02T03:36:00-CME-001,2023-11-05T08:10:00-IPS-001,699.0,76.56666666666666
2023-11-03T05:48:00-CME-001,2023-11-05T11:45:00-IPS-001,874.0,53.95
2023-11-03T05:48:00-CME-001,2023-11-05T12:35:00-IPS-001,874.0,54.78333333333333
2023-11-09T12:23:00-CME-001,2023-11-12T03:48:00-IPS-001,782.0,63.416666666666664
2023-11-09T12:23:00-CME-001,2023-11-12T05:30:00-IPS-001,782.0,65.11666666666666
2023-11-16T03:48:00-CME-001,2023-11-19T16:55:00-IPS-001,467.0,85.11666666666666
2023-11-16T03:48:00-CME-001,2023-11-20T09:49:00-IPS-001,467.0,102.01666666666667
2023-11-15T06:36:00-CME-001,2023-11-22T12:00:00-IPS-001,642.0,173.4
2023-11-22T21:36:00-CME-001,2023-11-25T04:30:00-IPS-001,665.0,54.9
2023-11-22T21:36:00-CME-001,2023-11-25T07:59:00-IPS-001,665.0,58.38333333333333
2023-11-27T20:12:00-CME-001,2023-11-30T23:29:00-IPS-001,500.0,75.28333333333333
2023-11-27T23:48:00-CME-001,2023-11-30T23:29:00-IPS-001,997.0,71.68333333333334
2023-11-27T20:12:00-CME-001,2023-12-01T00:11:00-IPS-001,500.0,75.98333333333333
2023-11-27T23:48:00-CME-001,2023-12-01T00:11:00-IPS-001,997.0,72.38333333333334
2023-11-28T20:24:00-CME-001,2023-12-01T08:15:00-IPS-001,910.0,59.85
2023-11-28T20:48:00-CME-001,2023-12-01T08:15:00-IPS-001,768.0,59.45
2023-11-28T20:24:00-CME-001,2023-12-01T08:48:00-IPS-001,910.0,60.4
2023-11-28T20:48:00-CME-001,2023-12-01T08:48:00-IPS-001,768.0,60.0
2023-12-01T22:24:00-CME-001,2023-12-04T04:30:00-IPS-001,656.0,54.1
2023-12-01T22:24:00-CME-001,2023-12-04T08:09:00-IPS-001,656.0,57.75
2023-12-07T13:36:00-CME-001,2023-12-09T19:27:00-IPS-001,966.0,53.85
2023-12-12T00:00:00-CME-001,2023-12-15T10:57:00-IPS-001,306.0,82.95
2023-12-13T00:00:00-CME-001,2023-12-15T10:57:00-IPS-001,696.0,58.95
2023-12-12T00:00:00-CME-001,2023-12-15T12:41:00-IPS-001,306.0,84.68333333333334
2023-12-13T00:00:00-CME-001,2023-12-15T12:41:00-IPS-001,696.0,60.68333333333333
2023-12-14T17:38:00-CME-001,2023-12-17T00:30:00-IPS-001,1081.0,54.86666666666667
2023-12-14T17:38:00-CME-001,2023-12-17T07:32:00-IPS-001,1081.0,61.9
2023-12-16T01:48:00-CME-001,2023-12-20T00:26:00-IPS-001,363.0,94.63333333333334
2023-12-24T13:25:00-CME-001,2023-12-27T08:26:00-IPS-001,790.0,67.01666666666667
2023-12-25T09:38:00-CME-001,2023-12-29T11:34:00-IPS-001,331.0,97.93333333333334
2023-12-31T10:00:00-CME-001,2024-01-02T21:20:00-IPS-001,703.0,59.333333333333336
2023-12-31T10:00:00-CME-001,2024-01-03T04:50:00-IPS-001,703.0,66.83333333333333
2023-12-31T22:00:00-CME-001,2024-01-03T14:19:00-IPS-001,2184.0,64.31666666666666
2023-12-31T22:00:00-CME-001,2024-01-03T15:30:00-IPS-001,2184.0,65.5
2024-01-20T09:24:00-CME-001,2024-01-22T16:01:00-IPS-001,978.0,54.61666666666667
2024-01-21T00:36:00-CME-001,2024-01-22T16:01:00-IPS-001,1057.0,39.416666666666664
2024-01-20T09:24:00-CME-001,2024-01-23T00:50:00-IPS-001,978.0,63.43333333333333
2024-01-22T10:48:00-CME-001,2024-01-25T04:00:00-IPS-001,746.0,65.2
2024-01-22T10:48:00-CME-001,2024-01-25T05:35:00-IPS-001,746.0,66.78333333333333
2024-01-22T22:36:00-CME-001,2024-01-26T11:48:00-IPS-001,563.0,85.2
2024-01-23T04:12:00-CME-001,2024-01-26T11:48:00-IPS-001,613.0,79.6
2024-01-23T07:24:00-CME-001,2024-01-26T11:48:00-IPS-001,577.0,76.4
2024-01-23T17:36:00-CME-001,2024-01-28T03:42:00-IPS-001,562.0,106.1
2024-01-29T04:38:00-CME-001,2024-02-01T05:18:00-IPS-001,1481.0,72.66666666666667
2024-02-06T02:53:00-CME-001,2024-02-09T21:40:00-IPS-001,772.0,90.78333333333333
2024-02-06T13:48:00-CME-001,2024-02-10T08:24:00-IPS-001,479.0,90.6
2024-02-09T13:23:00-CME-001,2024-02-11T01:18:00-IPS-001,1754.0,35.916666666666664
2024-02-09T13:23:00-CME-001,2024-02-11T02:30:00-IPS-001,1754.0,37.11666666666667
2024-02-09T00:12:00-CME-001,2024-02-13T01:38:00-IPS-001,655.0,97.43333333333334
2024-02-10T07:00:00-CME-001,2024-02-13T01:38:00-IPS-001,967.0,66.63333333333334
2024-02-10T23:36:00-CME-001,2024-02-13T01:38:00-IPS-001,989.0,50.03333333333333
2024-02-21T18:36:00-CME-001,2024-02-24T16:16:00-IPS-001,576.0,69.66666666666667
2024-02-28T17:48:00-CME-001,2024-03-03T05:58:00-IPS-001,730.0,84.16666666666667
2024-02-28T17:48:00-CME-001,2024-03-03T08:47:00-IPS-001,730.0,86.98333333333333
2024-03-17T03:12:00-CME-001,2024-03-21T01:50:00-IPS-001,325.0,94.63333333333334
2024-03-17T03:36:00-CME-001,2024-03-21T01:50:00-IPS-001,558.0,94.23333333333333
2024-03-23T01:25:00-CME-001,2024-03-24T14:10:00-IPS-001,1613.0,36.75
2024-03-23T01:48:00-CME-001,2024-03-24T14:10:00-IPS-001,1571.0,36.36666666666667
2024-03-23T01:25:00-CME-001,2024-03-24T14:27:00-IPS-001,1613.0,37.03333333333333
2024-03-23T01:48:00-CME-001,2024-03-24T14:27:00-IPS-001,1571.0,36.65
2024-04-11T07:00:00-CME-001,2024-04-15T17:27:00-IPS-001,911.0,106.45
2024-04-12T02:00:00-CME-001,2024-04-16T09:20:00-IPS-001,743.0,103.33333333333333
2024-04-14T11:12:00-CME-001,2024-04-17T08:55:00-IPS-001,859.0,69.71666666666667
2024-04-15T06:48:00-CME-001,2024-04-19T04:53:00-IPS-001,724.0,94.08333333333333
2024-04-23T09:12:00-CME-001,2024-04-26T00:17:00-IPS-001,484.0,63.083333333333336
2024-04-24T01:48:00-CME-001,2024-04-26T00:17:00-IPS-001,431.0,46.483333333333334
2024-05-03T02:48:00-CME-001,2024-05-05T11:30:00-IPS-001,972.0,56.7
2024-05-07T03:12:00-CME-001,2024-05-10T14:00:00-IPS-001,381.0,82.8
2024-05-07T05:24:00-CME-001,2024-05-10T14:00:00-IPS-001,430.0,80.6
2024-05-08T05:36:00-CME-001,2024-05-10T14:00:00-IPS-001,729.0,56.4
2024-05-08T12:24:00-CME-001,2024-05-10T14:00:00-IPS-001,1156.0,49.6
2024-05-08T19:12:00-CME-001,2024-05-10T14:00:00-IPS-001,828.0,42.8
2024-05-07T03:12:00-CME-001,2024-05-10T16:36:00-IPS-001,381.0,85.4
2024-05-07T05:24:00-CME-001,2024-05-10T16:36:00-IPS-001,430.0,83.2
2024-05-08T05:36:00-CME-001,2024-05-10T16:36:00-IPS-001,729.0,59.0
2024-05-08T12:24:00-CME-001,2024-05-10T16:36:00-IPS-001,1156.0,52.2
2024-05-08T19:12:00-CME-001,2024-05-10T16:36:00-IPS-001,828.0,45.4
2024-05-08T22:24:00-CME-001,2024-05-11T09:30:00-IPS-001,1130.0,59.1
2024-05-09T09:24:00-CME-001,2024-05-11T09:30:00-IPS-001,1561.0,48.1
2024-05-09T18:23:00-CME-001,2024-05-11T20:30:00-IPS-001,1236.0,50.11666666666667
2024-05-10T07:12:00-CME-001,2024-05-12T08:55:00-IPS-001,1332.0,49.71666666666667
2024-05-13T09:12:00-CME-001,2024-05-15T18:13:00-IPS-001,1935.0,57.016666666666666
2024-05-14T10:09:00-CME-001,2024-05-17T11:48:00-IPS-001,744.0,73.65
2024-05-14T10:09:00-CME-001,2024-05-17T12:40:00-IPS-001,744.0,74.51666666666667
2024-05-23T07:12:00-CME-001,2024-05-26T13:44:00-IPS-001,274.0,78.53333333333333
2024-05-23T07:12:00-CME-001,2024-05-26T14:35:00-IPS-001,274.0,79.38333333333334
2024-06-08T01:53:00-CME-001,2024-06-10T03:04:00-IPS-001,1528.0,49.18333333333333
2024-06-08T01:53:00-CME-001,2024-06-10T16:36:00-IPS-001,1528.0,62.71666666666667
2024-06-25T05:00:00-CME-001,2024-06-28T09:09:00-IPS-001,556.0,76.15
2024-06-25T23:48:00-CME-001,2024-06-29T07:45:00-IPS-001,355.0,79.95
2024-06-29T04:00:00-CME-001,2024-07-02T16:30:00-IPS-001,506.0,84.5
2024-06-29T04:00:00-CME-001,2024-07-02T23:41:00-IPS-001,506.0,91.68333333333334
2024-06-29T16:12:00-CME-001,2024-07-02T23:41:00-IPS-001,809.0,79.48333333333333
2024-06-30T03:48:00-CME-001,2024-07-04T09:23:00-IPS-001,309.0,101.58333333333333
2024-07-01T11:36:00-CME-001,2024-07-05T03:11:00-IPS-001,463.0,87.58333333333333
2024-07-19T21:36:00-CME-001,2024-07-23T19:48:00-IPS-001,793.0,94.2
2024-07-19T22:24:00-CME-001,2024-07-23T19:48:00-IPS-001,531.0,93.4
2024-07-21T16:48:00-CME-001,2024-07-23T19:48:00-IPS-001,1224.0,51.0
2024-07-19T22:24:00-CME-001,2024-07-23T21:40:00-IPS-001,531.0,95.26666666666667
2024-07-21T16:48:00-CME-001,2024-07-23T21:40:00-IPS-001,1224.0,52.86666666666667
2024-07-26T15:23:00-CME-001,2024-07-29T19:13:00-IPS-001,328.0,75.83333333333333
2024-07-26T20:48:00-CME-001,2024-07-29T19:13:00-IPS-001,676.0,70.41666666666667
2024-07-26T21:24:00-CME-001,2024-07-29T19:13:00-IPS-001,646.0,69.81666666666666
2024-07-27T06:36:00-CME-001,2024-07-29T19:13:00-IPS-001,803.0,60.61666666666667
2024-07-26T15:23:00-CME-001,2024-07-29T23:20:00-IPS-001,328.0,79.95
2024-07-26T20:48:00-CME-001,2024-07-29T23:20:00-IPS-001,676.0,74.53333333333333
2024-07-26T21:24:00-CME-001,2024-07-29T23:20:00-IPS-001,646.0,73.93333333333334
2024-07-27T06:36:00-CME-001,2024-07-29T23:20:00-IPS-001,803.0,64.73333333333333
2024-07-27T11:12:00-CME-001,2024-07-31T01:05:00-IPS-001,488.0,85.88333333333334
2024-07-28T02:24:00-CME-001,2024-07-31T01:05:00-IPS-001,559.0,70.68333333333334
2024-07-28T12:12:00-CME-001,2024-07-31T01:05:00-IPS-001,544.0,60.88333333333333
2024-07-28T14:36:00-CME-001,2024-07-31T01:05:00-IPS-001,777.0,58.483333333333334
2024-07-27T11:12:00-CME-001,2024-07-31T13:46:00-IPS-001,488.0,98.56666666666666
2024-07-28T02:24:00-CME-001,2024-07-31T13:46:00-IPS-001,559.0,83.36666666666666
2024-07-28T12:12:00-CME-001,2024-07-31T13:46:00-IPS-001,544.0,73.56666666666666
2024-07-28T14:36:00-CME-001,2024-07-31T13:46:00-IPS-001,777.0,71.16666666666667
2024-07-29T02:00:00-CME-001,2024-07-31T19:00:00-IPS-001,534.0,65.0
2024-07-29T02:12:00-CME-001,2024-07-31T19:00:00-IPS-001,564.0,64.8
2024-07-29T13:25:00-CME-001,2024-07-31T19:00:00-IPS-001,1077.0,53.583333333333336
2024-07-29T02:00:00-CME-001,2024-08-01T16:47:00-IPS-001,534.0,86.78333333333333
2024-07-29T02:12:00-CME-001,2024-08-01T16:47:00-IPS-001,564.0,86.58333333333333
2024-07-29T13:25:00-CME-001,2024-08-01T16:47:00-IPS-001,1077.0,75.36666666666666
2024-07-31T18:36:00-CME-001,2024-08-03T12:09:00-IPS-001,1109.0,65.55
2024-08-01T07:24:00-CME-001,2024-08-04T05:26:00-IPS-001,1100.0,70.03333333333333
2024-08-01T07:24:00-CME-001,2024-08-04T13:21:00-IPS-001,1100.0,77.95
2024-08-01T11:48:00-CME-001,2024-08-04T21:25:00-IPS-001,1425.0,81.61666666666666
2024-08-07T03:24:00-CME-001,2024-08-10T11:55:00-IPS-001,518.0,80.51666666666667
2024-08-07T14:24:00-CME-001,2024-08-10T11:55:00-IPS-001,925.0,69.51666666666667
2024-08-07T19:36:00-CME-001,2024-08-10T11:55:00-IPS-001,375.0,64.31666666666666
2024-08-07T03:24:00-CME-001,2024-08-10T14:00:00-IPS-001,518.0,82.6
2024-08-07T14:24:00-CME-001,2024-08-10T14:00:00-IPS-001,925.0,71.6
2024-08-07T19:36:00-CME-001,2024-08-10T14:00:00-IPS-001,375.0,66.4
2024-08-08T05:30:00-CME-001,2024-08-11T12:00:00-IPS-001,355.0,78.5
2024-08-08T20:00:00-CME-001,2024-08-11T12:00:00-IPS-001,699.0,64.0
2024-08-08T05:30:00-CME-001,2024-08-11T21:00:00-IPS-001,355.0,87.5
2024-08-08T20:00:00-CME-001,2024-08-11T21:00:00-IPS-001,699.0,73.0
2024-08-09T21:48:00-CME-001,2024-08-12T14:28:00-IPS-001,677.0,64.66666666666667
2024-08-14T08:23:00-CME-001,2024-08-17T13:29:00-IPS-001,616.0,77.1
2024-08-14T09:48:00-CME-001,2024-08-17T22:10:00-IPS-001,637.0,84.36666666666666
2024-08-23T02:00:00-CME-001,2024-08-26T17:00:00-IPS-001,461.0,87.0
2024-08-23T02:00:00-CME-001,2024-08-27T07:33:00-IPS-001,461.0,101.55
2024-09-01T03:24:00-CME-001,2024-09-04T09:40:00-IPS-001,447.0,78.26666666666667
2024-09-01T03:24:00-CME-001,2024-09-04T13:17:00-IPS-001,447.0,81.88333333333334
2024-09-08T01:36:00-CME-001,2024-09-10T21:00:00-IPS-001,626.0,67.4
2024-09-08T01:36:00-CME-001,2024-09-11T14:18:00-IPS-001,626.0,84.7
2024-09-10T00:23:00-CME-001,2024-09-12T02:53:00-IPS-001,755.0,50.5
2024-09-10T00:23:00-CME-001,2024-09-12T11:22:00-IPS-001,755.0,58.983333333333334
2024-09-11T02:23:00-CME-001,2024-09-13T18:05:00-IPS-001,742.0,63.7
2024-09-13T10:12:00-CME-001,2024-09-16T04:54:00-IPS-001,768.0,66.7
2024-09-14T15:36:00-CME-001,2024-09-16T22:49:00-IPS-001,2040.0,55.21666666666667
2024-09-14T15:36:00-CME-001,2024-09-17T03:30:00-IPS-001,2040.0,59.9
2024-09-23T20:48:00-CME-001,2024-09-28T07:00:00-IPS-001,338.0,106.2
2024-10-03T12:48:00-CME-001,2024-10-05T19:30:00-IPS-001,863.0,54.7
2024-10-03T12:48:00-CME-001,2024-10-06T06:55:00-IPS-001,863.0,66.11666666666666
2024-10-03T20:36:00-CME-001,2024-10-06T08:00:00-IPS-001,1077.0,59.4
2024-10-04T04:13:00-CME-001,2024-10-07T22:12:00-IPS-001,832.0,89.98333333333333
2024-10-09T02:12:00-CME-001,2024-10-10T12:06:00-IPS-001,2112.0,33.9
2024-10-09T02:12:00-CME-001,2024-10-10T14:46:00-IPS-001,2112.0,36.56666666666667
2024-10-24T03:48:00-CME-001,2024-10-26T15:34:00-IPS-001,2006.0,59.766666666666666
2024-10-24T03:48:00-CME-001,2024-10-27T10:24:00-IPS-001,2006.0,78.6
2024-10-26T06:48:00-CME-001,2024-10-28T04:13:00-IPS-001,1677.0,45.416666666666664
2024-10-26T06:48:00-CME-001,2024-10-28T16:58:00-IPS-001,1677.0,58.166666666666664
2024-10-29T13:23:00-CME-001,2024-10-31T19:28:00-IPS-001,1047.0,54.083333333333336
2024-10-29T13:23:00-CME-001,2024-11-01T00:02:00-IPS-001,1047.0,58.65
2024-10-31T13:48:00-CME-001,2024-11-03T16:47:00-IPS-001,439.0,74.98333333333333
2024-11-04T01:36:00-CME-001,2024-11-06T16:20:00-IPS-001,1067.0,62.733333333333334
2024-11-04T17:24:00-CME-001,2024-11-07T14:29:00-IPS-001,388.0,69.08333333333333
2024-11-05T00:09:00-CME-001,2024-11-07T14:29:00-IPS-001,526.0,62.333333333333336
2024-11-11T01:23:00-CME-001,2024-11-14T03:32:00-IPS-001,984.0,74.15
2024-11-18T12:12:00-CME-001,2024-11-22T00:47:00-IPS-001,445.0,84.58333333333333
2024-11-25T03:12:00-CME-001,2024-11-29T00:40:00-IPS-001,382.0,93.46666666666667
2024-11-25T04:00:00-CME-001,2024-11-29T00:40:00-IPS-001,315.0,92.66666666666667
2024-11-25T21:24:00-CME-001,2024-11-29T00:40:00-IPS-001,935.0,75.26666666666667
2024-11-25T03:12:00-CME-001,2024-11-29T02:15:00-IPS-001,382.0,95.05
2024-11-25T04:00:00-CME-001,2024-11-29T02:15:00-IPS-001,315.0,94.25
2024-11-25T21:24:00-CME-001,2024-11-29T02:15:00-IPS-001,935.0,76.85
2024-11-27T19:24:00-CME-001,2024-12-02T20:07:00-IPS-001,407.0,120.71666666666667
2024-12-08T09:24:00-CME-001,2024-12-10T11:58:00-IPS-001,677.0,50.56666666666667
2024-12-15T01:25:00-CME-001,2024-12-17T04:40:00-IPS-001,410.0,51.25
2024-12-15T04:23:00-CME-001,2024-12-17T04:40:00-IPS-001,536.0,48.28333333333333
2024-12-15T01:25:00-CME-001,2024-12-18T06:15:00-IPS-001,410.0,76.83333333333333
2024-12-15T04:23:00-CME-001,2024-12-18T06:15:00-IPS-001,536.0,73.86666666666666
2024-12-29T01:23:00-CME-001,2024-12-31T15:44:00-IPS-001,881.0,62.35
2024-12-29T06:24:00-CME-001,2024-12-31T15:44:00-IPS-001,1114.0,57.333333333333336
2024-12-29T01:23:00-CME-001,2025-01-01T01:20:00-IPS-001,881.0,71.95
2024-12-29T06:24:00-CME-001,2025-01-01T01:20:00-IPS-001,1114.0,66.93333333333334
2024-12-29T18:12:00-CME-001,2025-01-01T01:20:00-IPS-001,511.0,55.13333333333333
2024-12-29T18:24:00-CME-001,2025-01-02T10:05:00-IPS-001,917.0,87.68333333333334
2025-01-01T02:24:00-CME-001,2025-01-03T23:33:00-IPS-001,428.0,69.15
2025-01-01T02:24:00-CME-001,2025-01-04T01:30:00-IPS-001,428.0,71.1
2025-01-02T15:12:00-CME-001,2025-01-05T22:34:00-IPS-001,986.0,79.36666666666666
2025-01-02T15:24:00-CME-001,2025-01-05T22:34:00-IPS-001,750.0,79.16666666666667
2025-01-02T19:12:00-CME-001,2025-01-05T22:34:00-IPS-001,454.0,75.36666666666666
2025-01-04T15:12:00-CME-001,2025-01-07T00:46:00-IPS-001,892.0,57.56666666666667
2025-01-04T18:48:00-CME-001,2025-01-07T00:46:00-IPS-001,1603.0,53.96666666666667
2025-01-04T15:12:00-CME-001,2025-01-07T04:00:00-IPS-001,892.0,60.8
2025-01-04T18:48:00-CME-001,2025-01-07T04:00:00-IPS-001,1603.0,57.2
2025-01-07T10:36:00-CME-001,2025-01-11T03:48:00-IPS-001,470.0,89.2
2025-01-22T11:36:00-CME-001,2025-01-25T02:17:00-IPS-001,718.0,62.68333333333333
2025-01-26T01:25:00-CME-001,2025-01-29T20:43:00-IPS-001,1148.0,91.3
2025-01-30T16:12:00-CME-001,2025-02-01T22:25:00-IPS-001,777.0,54.21666666666667
2025-01-30T17:48:00-CME-001,2025-02-01T22:25:00-IPS-001,892.0,52.61666666666667
2025-02-02T23:24:00-CME-001,2025-02-07T06:24:00-IPS-001,471.0,103.0
2025-02-20T00:00:00-CME-001,2025-02-23T14:08:00-IPS-001,402.0,86.13333333333334
2025-02-20T10:36:00-CME-001,2025-02-23T21:20:00-IPS-001,621.0,82.73333333333333
2025-02-24T07:00:00-CME-001,2025-02-26T05:26:00-IPS-001,593.0,46.43333333333333
2025-02-25T12:38:00-CME-001,2025-02-28T08:30:00-IPS-001,627.0,67.86666666666666
2025-02-26T06:48:00-CME-001,2025-02-28T19:32:00-IPS-001,1575.0,60.733333333333334
2025-03-01T18:24:00-CME-001,2025-03-04T17:10:00-IPS-001,566.0,70.76666666666667
2025-03-07T22:12:00-CME-001,2025-03-10T13:44:00-IPS-001,1197.0,63.53333333333333
2025-03-17T11:36:00-CME-001,2025-03-21T01:42:00-IPS-001,400.0,86.1
2025-03-19T23:48:00-CME-001,2025-03-22T13:50:00-IPS-001,627.0,62.03333333333333
2025-03-21T16:00:00-CME-001,2025-03-23T23:30:00-IPS-001,1990.0,55.5
2025-03-28T15:24:00-CME-001,2025-03-31T10:16:00-IPS-001,1838.0,66.86666666666666
2025-03-27T04:23:00-CME-001,2025-04-01T14:49:00-IPS-001,269.0,130.43333333333334
2025-03-27T04:23:00-CME-001,2025-04-01T17:29:00-IPS-001,269.0,133.1
2025-04-12T00:48:00-CME-001,2025-04-15T16:36:00-IPS-001,437.0,87.8
2025-04-13T00:12:00-CME-001,2025-04-15T16:36:00-IPS-001,485.0,64.4
2025-04-13T07:48:00-CME-001,2025-04-15T16:36:00-IPS-001,483.0,56.8
2025-04-13T08:00:00-CME-001,2025-04-15T16:36:00-IPS-001,777.0,56.6
2025-04-13T08:12:00-CME-001,2025-04-15T16:36:00-IPS-001,619.0,56.4
2025-04-13T07:48:00-CME-001,2025-04-16T10:13:00-IPS-001,483.0,74.41666666666667
2025-04-13T08:00:00-CME-001,2025-04-16T10:13:00-IPS-001,777.0,74.21666666666667
2025-04-22T08:48:00-CME-001,2025-04-24T06:10:00-IPS-001,1583.0,45.36666666666667
2025-05-08T07:48:00-CME-001,2025-05-10T17:24:00-IPS-001,555.0,57.6
2025-05-08T10:24:00-CME-001,2025-05-10T17:24:00-IPS-001,820.0,55.0
2025-05-08T11:12:00-CME-001,2025-05-10T17:24:00-IPS-001,321.0,54.2
2025-05-12T23:48:00-CME-001,2025-05-16T10:36:00-IPS-001,428.0,82.8
2025-05-13T16:23:00-CME-001,2025-05-16T10:36:00-IPS-001,385.0,66.21666666666667
2025-05-12T23:48:00-CME-001,2025-05-16T20:10:00-IPS-001,428.0,92.36666666666666
2025-05-24T11:24:00-CME-001,2025-05-26T12:00:00-IPS-001,899.0,48.6
2025-05-25T13:25:00-CME-001,2025-05-29T12:00:00-IPS-001,278.0,94.58333333333333
2025-05-25T16:48:00-CME-001,2025-05-29T12:00:00-IPS-001,429.0,91.2
2025-05-30T06:38:00-CME-001,2025-06-01T05:22:00-IPS-001,502.0,46.733333333333334
2025-05-30T12:53:00-CME-001,2025-06-01T05:22:00-IPS-001,506.0,40.483333333333334
2025-05-31T00:15:00-CME-001,2025-06-01T05:22:00-IPS-001,1302.0,29.116666666666667
2025-05-30T06:38:00-CME-001,2025-06-01T05:42:00-IPS-001,502.0,47.06666666666667
2025-05-30T12:53:00-CME-001,2025-06-01T05:42:00-IPS-001,506.0,40.81666666666667
2025-05-31T00:15:00-CME-001,2025-06-01T05:42:00-IPS-001,1302.0,29.45
2025-05-31T14:23:00-CME-001,2025-06-02T20:02:00-IPS-001,680.0,53.65
2025-06-03T07:48:00-CME-001,2025-06-07T00:15:00-IPS-001,328.0,88.45
2025-06-08T02:48:00-CME-001,2025-06-12T19:30:00-IPS-001,326.0,112.7
2025-06-11T06:48:00-CME-001,2025-06-14T04:43:00-IPS-001,576.0,69.91666666666667
2025-06-11T22:24:00-CME-001,2025-06-14T04:43:00-IPS-001,991.0,54.31666666666667
2025-06-15T08:12:00-CME-001,2025-06-19T07:00:00-IPS-001,806.0,94.8
2025-06-15T18:24:00-CME-001,2025-06-19T07:00:00-IPS-001,1204.0,84.6
2025-06-19T22:24:00-CME-001,2025-06-21T18:30:00-IPS-001,660.0,44.1
2025-06-24T16:09:00-CME-001,2025-06-27T08:25:00-IPS-001,1070.0,64.26666666666667
2025-06-27T11:00:00-CME-001,2025-07-01T10:30:00-IPS-001,307.0,95.5
2025-06-28T21:00:00-CME-001,2025-07-03T05:38:00-IPS-001,589.0,104.63333333333334
2025-07-03T07:08:00-CME-001,2025-07-05T20:27:00-IPS-001,616.0,61.31666666666667
2025-07-04T20:48:00-CME-001,2025-07-07T02:00:00-IPS-001,1148.0,53.2
2025-07-14T14:36:00-CME-001,2025-07-17T12:44:00-IPS-001,358.0,70.13333333333334
2025-07-23T04:53:00-CME-001,2025-07-26T07:37:00-IPS-001,460.0,74.73333333333333
2025-07-25T18:23:00-CME-001,2025-07-28T22:58:00-IPS-001,938.0,76.58333333333333
2025-08-05T16:48:00-CME-001,2025-08-08T23:00:00-IPS-001,558.0,78.2
2025-08-06T07:24:00-CME-001,2025-08-08T23:00:00-IPS-001,747.0,63.6
2025-08-05T16:48:00-CME-001,2025-08-08T23:46:00-IPS-001,558.0,78.96666666666667
2025-08-08T07:12:00-CME-001,2025-08-10T09:00:00-IPS-001,674.0,49.8
2025-08-08T19:12:00-CME-001,2025-08-10T09:00:00-IPS-001,1007.0,37.8
2025-08-10T15:24:00-CME-001,2025-08-12T16:00:00-IPS-001,741.0,48.6
2025-08-30T00:23:00-CME-001,2025-09-01T20:26:00-IPS-001,878.0,68.05
2025-08-30T20:09:00-CME-001,2025-09-01T20:26:00-IPS-001,1303.0,48.28333333333333
